name,stars,no_of_ratings,price,discount,sleeve,fit,collar,brands
Slim Fit Herringbone Casual Shirt,4,125,1494,(35% OFF),Short Sleeves,Slim Fit,Spread Collar,RARE RABBIT
Pure Cotton Textured Self Design Slim Fit Opaque Casual Shirt,4.4,44,989,(45% OFF),Long Sleeves,Slim Fit,Spread Collar,POWERLOOK
The Lifestyle Co Men Light Blue Solid Regular Fit Chambray Casual Shirt,4.1,6800,614,(59% OFF),Long Sleeves,Regular Fit,Spread Collar,HIGHLANDER
Highlander Men Checked Slim Fit Shirt,4.3,2200,413,(77% OFF),Long Sleeves,Slim Fit,Spread Collar,HIGHLANDER
Classic Self Design Spread Collar Casual Shirt,4.4,12600,759,(60% OFF),Long Sleeves,Regular Fit,Spread Collar,ROADSTER
Men Navy Blue Magenta Pink Regular Fit Checked Casual Shirt,4.2,13400,588,(69% OFF),Long Sleeves,Regular Fit,Spread Collar,HIGHLANDER
Highlander Men Dusty Checked Slim Fit Shirt,4.4,1200,467,(74% OFF),Long Sleeves,Slim Fit,Spread Collar,HIGHLANDER
Men White Slim Fit Solid Casual Shirt,4.2,9600,395,(67% OFF),Long Sleeves,Slim Fit,Spread Collar,MAST & HARBOUR
Men White Slim Fit Casual Shirt,4.2,22500,329,(70% OFF),Long Sleeves,Slim Fit,Mandarin Collar,ROADSTER
Men White Classic Regular Fit Cotton Casual Shirt,4.2,14800,531,(62% OFF),Long Sleeves,Regular Fit,Spread Collar,THE INDIAN GARAGE CO
Men Spread Collar Graphic Printed Cotton Oversized Casual Shirt,4.2,31,971,(46% OFF),Short Sleeves,Oversized,Spread Collar,SNITCH
Men Blue & White Slim Fit Striped Casual Shirt,4.3,38700,512,(50% OFF),Long Sleeves,Slim Fit,Button-Down Collar,KOOK N KEECH
Men White & Teal Blue Slim Fit Striped Casual Shirt,4.1,46100,682,(61% OFF),Long Sleeves,Slim Fit,Spread Collar,HIGHLANDER
Men Alias-N Regular Fit Spread Collar Shirt,4,50,2727,(38% OFF),Long Sleeves,Regular Fit,Spread Collar,POWERLOOK
Men Navy Blue & Off White Slim Fit Printed Casual Shirt,4.3,18300,699,(65% OFF),Short Sleeves,Slim Fit,Mandarin Collar,ROADSTER
Abstract Printed Slim Fit Casual Shirt,4.2,468,699,(65% OFF),Long Sleeves,Slim Fit,Spread Collar,ROADSTER
Men Button-Down Collar Micro Checked Cotton Casual Shirt,4.8,16,1079,(46% OFF),Long Sleeves,Regular Fit,Button-Down Collar,POWERLOOK
Slim Fit Long Sleeves Spread Collar Casual Shirt,4.2,855,759,(62% OFF),Long Sleeves,Slim Fit,Spread Collar,HIGHLANDER
Men Pack Of 2 Sustainable Shirts,4.2,9800,923,(56% OFF),Long Sleeves,Slim Fit,Spread Collar,HERE&NOW
Men Striped Spread Collar Casual Shirt,4.4,56,935,(48% OFF),Long Sleeves,Regular Fit,Spread Collar,DENNIS LINGO
India Slim Checked Drop-Shoulder Sleeves Pure Cotton Oversized Casual Shirt,4.3,1600,935,(48% OFF),Long Sleeves,Oversized,Spread Collar,CAMPUS SUTRA
Classic Pure Cotton Casual Shirt,4.1,231,899,(82% OFF),Long Sleeves,Regular Fit,Spread Collar,ROADSTER
Self Design Corduroy Weave Oversized Casual Shirt,4.4,995,767,(68% OFF),Long Sleeves,Oversized,Cuban Collar,DENNIS LINGO
Men Navy Blue & Red Checked Casual Shirt,4.2,5700,599,(70% OFF),Long Sleeves,Regular Fit,Button-Down Collar,HIGHLANDER
Men Cream-Coloured & Navy Blue Tartan Checked Shirt,4.2,31500,559,(68% OFF),Long Sleeves,Regular Fit,Spread Collar,HIGHLANDER
Men Standard Opaque Checked Casual Shirt,4.2,2,899,(50% OFF),Long Sleeves,Regular Fit,Spread Collar,HIGHLANDER
Men Tartan Checks Opaque Checked Casual Shirt,4.1,101,1079,(46% OFF),Long Sleeves,Regular Fit,Spread Collar,POWERLOOK
Men White Slim Fit Casual Cotton Linen Shirt,4,2,399,(68% OFF),Long Sleeves,Slim Fit,Spread Collar,MAST & HARBOUR
Men Opaque Casual Shirt,3.9,24,791,(67% OFF),Long Sleeves,Regular Fit,Spread Collar,ROADSTER
Men Spread Collar Tartan Checked Cotton Relaxed Fit Casual Shirt,4,201,1079,(46% OFF),Long Sleeves,Relaxed Fit,Spread Collar,SNITCH
Men Pink & White Slim Fit Striped Casual Shirt,4.3,38700,639,(68% OFF),Long Sleeves,Slim Fit,Button-Down Collar,HIGHLANDER
Spread Collar Slim Fit Corduroy Casual Shirt,4.2,428,699,(65% OFF),Long Sleeves,Slim Fit,Spread Collar,HIGHLANDER
Men Opaque Casual Shirt,4.1,14,1187,(46% OFF),Long Sleeves,Regular Fit,Spread Collar,SNITCH
Geometric Printed Slim Fit Opaque Casual Shirt,4.3,2900,799,(60% OFF),Long Sleeves,Slim Fit,Spread Collar,V-MART
Men Slim Fit Opaque Striped Casual Shirt,4.3,780,639,(68% OFF),Long Sleeves,Slim Fit,Mandarin Collar,HIGHLANDER
Men Spread Collar Solid Casual Shirt,3.4,19,1079,(46% OFF),Long Sleeves,Regular Fit,Spread Collar,SNITCH
Men White Slim Fit Printed Casual Shirt,4.2,6900,391,(72% OFF),Long Sleeves,Slim Fit,Spread Collar,ROADSTER
The Lifestyle Co Pure Cotton Casual Shirts,4.1,1100,699,(65% OFF),Long Sleeves,Regular Fit,Spread Collar,HIGHLANDER
Men Spread Collar Tartan Checked Casual Shirt,4.2,388,935,(48% OFF),Long Sleeves,Regular Fit,Spread Collar,POWERLOOK
Men Standard Checked Casual Shirt,4.4,700,791,(67% OFF),Long Sleeves,Regular Fit,Button-Down Collar,ROADSTER
Grey Slim Fit Textured Opaque Casual Shirt,4.3,546,799,(60% OFF),Long Sleeves,Slim Fit,Spread Collar,METRONAUT
White Slim Fit Striped Short Sleeves Cotton Casual Shirt,4.2,3,781,(66% OFF),Short Sleeves,Slim Fit,Cuban Collar,HERE&NOW
Men Black & Blue Regular Fit Checked Casual Shirt,4.3,1300,689,(54% OFF),Long Sleeves,Regular Fit,Spread Collar,HIGHLANDER
Men Tartan Checks Opaque Checked Casual Shirt,4.4,45,1151,(36% OFF),Long Sleeves,Regular Fit,Spread Collar,RARE RABBIT
Men Grey Slim Fit Faded Cotton Casual Shirt,4.2,2200,431,(68% OFF),Long Sleeves,Slim Fit,Spread Collar,POWERLOOK
Men Navy Blue Slim Fit Casual Shirt,4.2,4,550,(71% OFF),Short Sleeves,Slim Fit,Spread Collar,HIGHLANDER
Spread Collar Plum Classic Slim Fit Satin Casual Shirt,4.4,39,1049,(30% OFF),Long Sleeves,Slim Fit,Spread Collar,HIGHLANDER
Men Black & Grey Slim Fit Checked Casual Shirt,4.1,16600,649,(50% OFF),Long Sleeves,Slim Fit,Spread Collar,ROADSTER
Men Standard Opaque Casual Pure Cotton Shirt,4.1,4100,699,(50% OFF),Long Sleeves,Regular Fit,Spread Collar,HIGHLANDER
Long Sleeves Zip Log Cotton Casual Shirt,3.6,38,1599,(20% OFF),Long Sleeves,Regular Fit,Spread Collar,SNITCH
Men Spread Collar Tartan Checked Casual Shirt,4.3,59,899,(50% OFF),Long Sleeves,Regular Fit,Spread Collar,HIGHLANDER
Men Black Slim Fit Faded Denim Shirt,4.2,7200,611,(66% OFF),Long Sleeves,Slim Fit,Spread Collar,MAST & HARBOUR
Men Cream-Coloured & Black Shepherd Checked Casual Shirt,4.2,31500,682,(61% OFF),Long Sleeves,Regular Fit,Spread Collar,POWERLOOK
Vertical Stripe Cotton Summer Shirt,4.3,41,1295,(28% OFF),Long Sleeves,Slim Fit,Spread Collar,ROADSTER
Men Teal Blue & White Slim Fit Striped Casual Shirt,4.3,5900,626,(67% OFF),Long Sleeves,Slim Fit,Mandarin Collar,SNITCH
Men Blue & White Slim Fit Checked Casual Shirt,4.1,2500,402,(77% OFF),Long Sleeves,Slim Fit,Spread Collar,KOOK N KEECH
The Lifestyle Co Men Green Solid Pure Cotton Regular Fit Casual Shirt,4,664,734,(51% OFF),Long Sleeves,Regular Fit,Spread Collar,ROADSTER
Blue Slim Fit Vertical Striped Cotton Casual Shirt,4,575,659,(70% OFF),Long Sleeves,Slim Fit,Spread Collar,ROADSTER
Men Yellow Comfort Checked Regular Fit Casual Shirt,4.2,31500,594,(66% OFF),Long Sleeves,Regular Fit,Spread Collar,HERE&NOW
Men Black & White Buffalo Checks Checked Cotton Casual Shirt,4.2,11900,559,(68% OFF),Long Sleeves,Regular Fit,Spread Collar,DENNIS LINGO
Men Double Pocket Shirt,4,45,1019,(66% OFF),Long Sleeves,Regular Fit,Spread Collar,ROADSTER
Men Standard Opaque Casual Pure Cotton Shirt,4.1,4100,671,(44% OFF),Long Sleeves,Regular Fit,Spread Collar,SNITCH
Green & Rust Slim Fit Tartan Checks Casual Shirt,4.1,3400,650,(69% OFF),Long Sleeves,Slim Fit,Spread Collar,DENNIS LINGO
Men turquoise Blue Slim Fit Pure Cotton Casual Shirt,4.2,5300,899,(50% OFF),Long Sleeves,Slim Fit,Spread Collar,HIGHLANDER
Men Classic Slim Fit Opaque Casual Shirt,3.8,26,1104,(35% OFF),Long Sleeves,Slim Fit,Button-Down Collar,DENNIS LINGO
Men Comfort Opaque Casual Shirt,4.4,53,683,(64% OFF),Long Sleeves,Regular Fit,Spread Collar,HIGHLANDER
Men Striped Pure Cotton Casual Shirt,4.3,38700,639,(68% OFF),Long Sleeves,Regular Fit,Button-Down Collar,HIGHLANDER
Men Blue & White Slim Fit Striped Sustainable Casual Shirt,4.4,1200,644,(57% OFF),Long Sleeves,Slim Fit,Mandarin Collar,POWERLOOK
Men Purple Pure Cotton Solid Opaque Casual Shirt,4.1,4400,519,(60% OFF),Long Sleeves,Regular Fit,Spread Collar,ROADSTER
Men White Pure Cotton Abstract Printed Casual Shirt,4.2,8100,554,(63% OFF),Long Sleeves,Regular Fit,Spread Collar,SNITCH
Men Slim Fit Casual Shirt,4.2,25,1097,(39% OFF),Long Sleeves,Slim Fit,Button-Down Collar,HIGHLANDER
Men Navy Blue & Brown Slim Fit Checked Casual Shirt,4.1,1900,367,(79% OFF),Long Sleeves,Slim Fit,Spread Collar,SNITCH
Men Maroon & Black Checked Pure Cotton Casual Shirt,4.3,10400,701,(46% OFF),Long Sleeves,Regular Fit,Spread Collar,V-MART
Men Classic Slim Fit Opaque Casual Shirt,5,5,1097,(39% OFF),Long Sleeves,Slim Fit,Button-Down Collar,HIGHLANDER
Men Standard Pure Cotton Casual Shirt,4.1,4100,699,(50% OFF),Long Sleeves,Regular Fit,Spread Collar,ROADSTER
Grey Classic Slim Fit Cotton Casual Shirt,4.1,257,599,(70% OFF),Long Sleeves,Slim Fit,Spread Collar,HIGHLANDER
Men Green Slim Fit Solid Casual Shirt,4.1,3100,296,(73% OFF),Short Sleeves,Slim Fit,Mandarin Collar,METRONAUT
Men Navy Blue & Green Checked Casual Shirt,4.3,12100,623,(52% OFF),Long Sleeves,Regular Fit,Spread Collar,SNITCH
Men Pink Solid Long Roll-Up Sleeves Slim Fit Casual Shirt,4.2,1700,399,(80% OFF),Long Sleeves,Slim Fit,Button-Down Collar,SNITCH
Men Blue & White Slim Fit Checked Casual Shirt,4.2,2400,559,(68% OFF),Long Sleeves,Slim Fit,Spread Collar,SNITCH
Men Mauve Regular Fit Solid Sustainable Casual Shirt,4.2,3500,539,(55% OFF),Long Sleeves,Regular Fit,Spread Collar,SNITCH
Men Standard Opaque Casual Pure Cotton Shirt,4.1,4100,671,(44% OFF),Long Sleeves,Regular Fit,Spread Collar,HIGHLANDER
Spread Collar Cotton Casual Shirt,3.9,42,1999,(20% OFF),Long Sleeves,Regular Fit,Spread Collar,ROADSTER
Men Black & White Checked Pure Cotton Casual Shirt,4.3,28300,614,(59% OFF),Long Sleeves,Regular Fit,Mandarin Collar,ROADSTER
The Men Blue & White Printed Pure Cotton Casual Shirt,4.2,650,713,(58% OFF),Long Sleeves,Regular Fit,Spread Collar,HIGHLANDER
Men Classic Slim Fit Cotton Casual Shirt,3.8,24,1104,(35% OFF),Long Sleeves,Slim Fit,Button-Down Collar,POWERLOOK
Highlander Men White Popcorn Textured Solid Cuabn Collar Shirt,4.4,25,407,(76% OFF),Short Sleeves,Relaxed Fit,Cuban Collar,ROADSTER
Brown Ethnic Motifs Printed Cuban Collar Slim Fit Casual Shirt,4.4,1100,593,(67% OFF),Short Sleeves,Slim Fit,Cuban Collar,SNITCH
Classic Slim Fit Spread Collar Satin Casual Shirt,4.3,360,1049,(30% OFF),Long Sleeves,Slim Fit,Spread Collar,GLITCHEZ
Men Checked Pure Cotton Shirt,4.4,430,588,(69% OFF),Long Sleeves,Regular Fit,Spread Collar,SNITCH
Men Beige Slim Fit Solid Casual Shirt,4.1,2600,559,(68% OFF),Long Sleeves,Slim Fit,Cutaway Collar,ROADSTER
Men Black Pure Cotton Casual Shirt,4.3,2800,531,(62% OFF),Long Sleeves,Regular Fit,Band Collar,HIGHLANDER
Stripe Flex Opaque Striped Casual Shirt,3.4,19,584,(50% OFF),Short Sleeves,Relaxed Fit,Cuban Collar,CAMPUS SUTRA
Men Striped Pure Cotton Casual Shirt,4.3,42,749,(70% OFF),Long Sleeves,Regular Fit,Spread Collar,SNITCH
Men Classic Tartan Checked Casual Shirt,4.4,563,594,(65% OFF),Long Sleeves,Regular Fit,Spread Collar,ROADSTER
Tartan Checks Button-Down Collar Long Sleeves Slim Fit Cotton Casual Shirt,3.9,61,479,(80% OFF),Long Sleeves,Slim Fit,Button-Down Collar,HIGHLANDER
Black Classic Floral Printed Spread Collar Casual Shirt,3.8,361,664,(65% OFF),Long Sleeves,Regular Fit,Spread Collar,HIGHLANDER
Men Black & Maroon Regular Fit Checked Casual Shirt,4.2,705,519,(60% OFF),Long Sleeves,Regular Fit,Spread Collar,HIGHLANDER
Men Relaxed Fit Pure Cotton Casual Shirt,4.1,33,727,(72% OFF),Long Sleeves,Relaxed Fit,Spread Collar,SNITCH
Men Solid Opaque Casual Shirt,4,216,594,(65% OFF),Long Sleeves,Regular Fit,Button-Down Collar,ROADSTER
Men Blue Solid Washed Cotton Denim Shirt,4.1,5300,611,(64% OFF),Long Sleeves,Regular Fit,Spread Collar,HIGHLANDER
Tartan Checks Printed Cotton Slim Fit Casual Shirt,3.7,691,671,(72% OFF),Long Sleeves,Slim Fit,Spread Collar,HIGHLANDER
Men Multicoloured Slim Fit Opaque Checked Casual Shirt,4,1300,599,(70% OFF),Short Sleeves,Slim Fit,Cuban Collar,METRONAUT
Men Standard Corduroy Cotton Shirt,4.4,707,1099,(50% OFF),Long Sleeves,Regular Fit,Spread Collar,PEPE JEANS
Men Checked Cotton Slim Fit Casual Shirt,4.1,3,482,(77% OFF),Long Sleeves,Slim Fit,Button-Down Collar,ROADSTER
Men Olive Green Cotton Casual Shirt,4.3,29200,599,(50% OFF),Long Sleeves,Regular Fit,Mandarin Collar,HIGHLANDER
Men Olive Green Solid Pure Cotton Casual Shirt,4,681,696,(59% OFF),Long Sleeves,Regular Fit,Spread Collar,HIGHLANDER
Men Navy Blue Solid Regular Fit Casual Shirt,4.3,2,649,(50% OFF),Long Sleeves,Regular Fit,Mandarin Collar,ROADSTER
Highlander White Slim Fit Casual Shirt,4.1,74200,399,(60% OFF),Long Sleeves,Slim Fit,Spread Collar,MAST & HARBOUR
Slim Fit Long Sleeves Spread Collar Casual Shirt,4.1,286,639,(68% OFF),Long Sleeves,Slim Fit,Spread Collar,CAMPUS SUTRA
Men Black Slim Fit Windowpane Checks Checked Casual Shirt,4.2,2,575,(64% OFF),Long Sleeves,Slim Fit,Spread Collar,MAST & HARBOUR
Men White Slim Fit Casual Shirt,4.1,107200,647,(65% OFF),Long Sleeves,Slim Fit,Spread Collar,R.CODE BY THE ROADSTER LIFE CO.
Men Standard Pure Cotton Corduroy Casual Shirt,4.2,32,1099,(50% OFF),Long Sleeves,Regular Fit,Spread Collar,SNITCH
Men Blue Pure Cotton Checked Casual Shirt,3.8,621,619,(69% OFF),Long Sleeves,Regular Fit,Spread Collar,HIGHLANDER
Floral Printed Cotton Casual Shirt,4.4,607,671,(68% OFF),Short Sleeves,Regular Fit,Spread Collar,ROADSTER
Men Grey Casual Shirt,4.1,8300,662,(61% OFF),Long Sleeves,Regular Fit,Spread Collar,HERE&NOW
Men Peach-Coloured Comfort Cotton Casual Shirt,4.1,30,402,(77% OFF),Long Sleeves,Regular Fit,Spread Collar,SNITCH
Street Cool Textured Shirt,3.7,12,605,(50% OFF),Long Sleeves,Regular Fit,Spread Collar,METRONAUT
Men Micro Ditsy Ethnic Printed Casual Shirt,4.1,114,307,(78% OFF),Long Sleeves,Regular Fit,Spread Collar,POWERLOOK
Men Blue Regular Fit Solid Chambray Casual Shirt,4.1,4100,637,(71% OFF),Long Sleeves,Regular Fit,Spread Collar,HIGHLANDER
Men Black Slim Fit Casual Shirt,4.1,107200,684,(63% OFF),Long Sleeves,Slim Fit,Spread Collar,THE INDIAN GARAGE CO
Men Striped Casual Shirt,4.3,38700,639,(68% OFF),Long Sleeves,Regular Fit,Button-Down Collar,SNITCH
Men Olive Green & White Slim Fit Printed Casual Shirt,4.1,447,349,(80% OFF),Long Sleeves,Slim Fit,Spread Collar,ROADSTER
Green Slim Fit Tartan Checks Casual Shirt,4.3,120,671,(68% OFF),Long Sleeves,Slim Fit,Spread Collar,SNITCH
Men Navy Blue Slim Fit Printed Casual Shirt,4.2,2400,599,(70% OFF),Short Sleeves,Slim Fit,Spread Collar,ROADSTER
Cotton Mandarin Collar Casual Shirt,4.2,274,664,(65% OFF),Long Sleeves,Regular Fit,Mandarin Collar,ROADSTER
Men Classic Slim Fit Opaque Casual Shirt,4.1,1,669,(50% OFF),Long Sleeves,Slim Fit,Cutaway Collar,SNITCH
Slim Fit Spread Collar Casual Shirt,3.7,2600,514,(50% OFF),Long Sleeves,Slim Fit,Spread Collar,ROADSTER
Men Navy Blue & Orange Checked Casual Shirt,4.1,13600,559,(68% OFF),Long Sleeves,Regular Fit,Spread Collar,ROADSTER
The Life Co. Drop Shoulder Sleeves Relaxed Fit Pure Cotton Casual Shirt,4.8,13,674,(73% OFF),Long Sleeves,Relaxed Fit,Spread Collar,SNITCH
Slim Fit Checked Casual Shirt,3.7,231,321,(77% OFF),Long Sleeves,Slim Fit,Spread Collar,THE INDIAN GARAGE CO
Men Comfort Cotton Casual Shirt,4.1,30,559,(68% OFF),Long Sleeves,Regular Fit,Spread Collar,HERE&NOW
Men Navy Blue Cotton Casual Shirt,4.2,5600,599,(50% OFF),Long Sleeves,Regular Fit,Spread Collar,VASTRADO
The Life Co. Relaxed Fit Checked Pure Cotton Casual Shirt,4.3,20,712,(69% OFF),Long Sleeves,Relaxed Fit,Spread Collar,KETCH
Men Green Solid Slim Fit Casual Shirt,4.2,1500,655,(59% OFF),Long Sleeves,Slim Fit,Spread Collar,ROADSTER
Men White Pure Cotton Casual Shirt,4.4,3100,531,(62% OFF),Long Sleeves,Regular Fit,Band Collar,SNITCH
Men Navy Blue Slim Fit Striped Casual Shirt,4.1,1800,412,(67% OFF),Long Sleeves,Slim Fit,Spread Collar,HIGHLANDER
Men Slim Fit Tartan Checks Checked Casual Shirt,4.2,5,671,(58% OFF),Long Sleeves,Slim Fit,Spread Collar,LOCOMOTIVE
Checked Slim Fit Shirt,4.3,1900,413,(77% OFF),Long Sleeves,Slim Fit,Spread Collar,U.S. POLO ASSN. DENIM CO.
Men Beige & Blue Slim Fit Checked Casual Shirt,3.9,975,367,(79% OFF),Long Sleeves,Slim Fit,Spread Collar,ROADSTER
Men Striped Mandarin Collar Pure Cotton Casual Shirt,4.3,462,629,(70% OFF),Long Sleeves,Regular Fit,Mandarin Collar,HIGHLANDER
Men Maroon & Black Checked Casual Shirt,4.3,14400,674,(55% OFF),Long Sleeves,Regular Fit,Mandarin Collar,V-MART
Men Navy Blue Pure Cotton Solid Classic Casual Shirt,4.3,837,531,(62% OFF),Long Sleeves,Regular Fit,Mandarin Collar,HIGHLANDER
Men Slim Fit Double Flap Pocket Casual Shirt,4.1,1300,610,(67% OFF),Long Sleeves,Slim Fit,Cutaway Collar,SNITCH
Men Slim Fit Opaque Striped Casual Shirt,3.8,5,629,(70% OFF),Long Sleeves,Slim Fit,Spread Collar,THE INDIAN GARAGE CO
Men Pinstripes Cotton Casual Shirt,4.3,1700,639,(68% OFF),Long Sleeves,Regular Fit,Button-Down Collar,CAMPUS SUTRA
Men White Slim Fit Casual Shirt,4.2,3400,439,(78% OFF),Long Sleeves,Slim Fit,Mandarin Collar,SNITCH
Men Navy Blue Slim Fit Casual Shirt,4.3,9700,689,(70% OFF),Long Sleeves,Slim Fit,Spread Collar,ROADSTER
Slim Fit Checked Cotton Mandarin Collar Casual Shirt,4,546,659,(67% OFF),Long Sleeves,Slim Fit,Mandarin Collar,HERE&NOW
Men Blue Pure Cotton Slim Fit Multi Stripes Striped Casual Shirt,4.1,3500,559,(72% OFF),Long Sleeves,Slim Fit,Spread Collar,SNITCH
Men White Printed Pure Cotton Sustainable Casual Shirt,4.1,520,721,(62% OFF),Long Sleeves,Regular Fit,Spread Collar,HIGHLANDER
Men Navy Blue & Maroon Cotton Tartan Checks Opaque Checked Sustainable Casual Shirt,4.2,505,675,(48% OFF),Long Sleeves,Regular Fit,Mandarin Collar,THE INDIAN GARAGE CO
Regular Fit Shirt,4.3,154,431,(76% OFF),Long Sleeves,Slim Fit,Spread Collar,SNITCH
Men Blue Checked Casual Shirt,4.3,952,679,(60% OFF),Long Sleeves,Regular Fit,Spread Collar,ROADSTER
Self Design Corduroy Weave Oversized Casual Shirt,4.1,172,599,(75% OFF),Short Sleeves,Oversized,Cuban Collar,THE INDIAN GARAGE CO
Men Navy Blue & White Slim Fit Printed Casual Shirt,4.3,2900,419,(80% OFF),Long Sleeves,Slim Fit,Mandarin Collar,SNITCH
Highlander Men Dusty Slim Fit Solid Casual Shirt,3.8,232,402,(77% OFF),Long Sleeves,Slim Fit,Cutaway Collar,METRONAUT
Slim Fit Floral Opaque Printed Casual Shirt,4.2,985,655,(59% OFF),Short Sleeves,Slim Fit,Cuban Collar,HIGHLANDER
Highlander Men Checked Casual Shirt,4.6,9,666,(71% OFF),Long Sleeves,Slim Fit,Cutaway Collar,RARE RABBIT
Highlander Blue Lightweight Slim Fit Denim Shirt,3.9,4200,389,(61% OFF),Long Sleeves,Slim Fit,Spread Collar,CAMPUS SUTRA
Black Classic Ethnic Motifs Printed Spread Collar Casual Shirt,3.8,62,664,(65% OFF),Long Sleeves,Regular Fit,Spread Collar,MAST & HARBOUR
Men White Pure Cotton Casual Shirt,4.2,3500,531,(62% OFF),Long Sleeves,Regular Fit,Spread Collar,SNITCH
Men Slim Fit Tartan Checks Checked Casual Shirt,4.2,5,1494,(35% OFF),Long Sleeves,Slim Fit,Spread Collar,HIGHLANDER
Men Opaque Casual Shirt,3.8,5,1199,(52% OFF),Long Sleeves,Regular Fit,Spread Collar,HIGHLANDER
Men Grey Solid Regular Fit Pure Cotton Casual Shirt,4,845,614,(59% OFF),Long Sleeves,Regular Fit,Spread Collar,ROADSTER
Cuban Collar Self-Striped Oversized Casual Shirt,4.1,1100,333,(77% OFF),Short Sleeves,Oversized,Cuban Collar,DENNIS LINGO
Men Mustard Solid Regular Fit Pure Cotton Sustainable Casual Shirt,4.4,195,645,(62% OFF),Long Sleeves,Regular Fit,Mandarin Collar,CAMPUS SUTRA
Men Beige & White Striped Casual Pure Cotton Shirt,4.2,228,545,(74% OFF),Long Sleeves,Regular Fit,Mandarin Collar,ROADSTER
Men Opaque Printed Casual Shirt,3.2,5,1349,(46% OFF),Long Sleeves,Regular Fit,Hood,HIGHLANDER
Men Spread Collar Tartan Checked Cotton Casual Shirt,2.6,226,695,(52% OFF),Long Sleeves,Regular Fit,Spread Collar,ROADSTER
The Lifestyle Co Men Grey Printed Pure Cotton Casual Shirt,4.2,430,730,(57% OFF),Short Sleeves,Regular Fit,Spread Collar,CAMPUS SUTRA
Men Navy Blue & Red Slim Fit Tartan Checked Casual Shirt,3.9,801,242,(73% OFF),Long Sleeves,Slim Fit,Spread Collar,THE INDIAN GARAGE CO
Striped Spread Collar Cotton Slim Fit Casual Shirt,3.8,1200,509,(70% OFF),Short Sleeves,Slim Fit,Spread Collar,ROADSTER
Men Opaque Printed Casual Shirt,4.3,2900,543,(68% OFF),Short Sleeves,Regular Fit,Cuban Collar,HIGHLANDER
Men Standard Opaque Casual Pure Cotton Shirt,4.1,4100,699,(50% OFF),Long Sleeves,Regular Fit,Spread Collar,HERE&NOW
Men Spread Collar Tartan Checked Cotton Casual Shirt,3.5,34,703,(68% OFF),Long Sleeves,Regular Fit,Spread Collar,FUBAR
Men Maroon Slim Fit Casual Shirt,4.2,2100,721,(62% OFF),Long Sleeves,Slim Fit,Mandarin Collar,ROADSTER
Smart Floral Embroidered Cuban Collar Cotton Oversized Casual Shirt,4,38,769,(78% OFF),Short Sleeves,Oversized,Cuban Collar,ROADSTER
Men Black Comfort Casual Shirt,4.3,1200,559,(68% OFF),Long Sleeves,Regular Fit,Spread Collar,HARDSODA BY THE INDIAN GARAGE CO
Self Design Relaxed Fit Casual Crochet Shirt,4.3,108,425,(77% OFF),Long Sleeves,Oversized,Spread Collar,HIGHLANDER
Men Spread Collar Textured Relaxed Fit Casual Shirt,4,11,791,(64% OFF),Long Sleeves,Relaxed Fit,Spread Collar,THE INDIAN GARAGE CO
Men Maroon & White Printed Casual Shirt,4,6700,441,(74% OFF),Long Sleeves,Regular Fit,Spread Collar,THE INDIAN GARAGE CO
Highlander Navy Slim Fit Casual Shirt,4.1,4,389,(61% OFF),Long Sleeves,Regular Fit,Spread Collar,ROADSTER
Men Blue Slim Fit Striped Casual Shirt,4.3,954,377,(72% OFF),Long Sleeves,Slim Fit,Spread Collar,GLITCHEZ
Men Olive Green Slim Fit Roll-Up Sleeves Casual Shirt,4.3,3600,543,(68% OFF),Long Sleeves,Slim Fit,Mandarin Collar,HIGHLANDER
Men Spread Collar Vertical Striped Casual Shirt,3.9,41,1079,(46% OFF),Long Sleeves,Regular Fit,Spread Collar,THE INDIAN GARAGE CO
Men Striped Pure Cotton Casual Shirt,4.2,398,639,(68% OFF),Long Sleeves,Regular Fit,Button-Down Collar,THE INDIAN GARAGE CO
Men Olive Green Solid Slim Fit Casual Shirt,4.2,2300,459,(77% OFF),Long Sleeves,Slim Fit,Mandarin Collar,HIGHLANDER
Men Grey Cotton Linen Solid Slim Fit Casual Shirt,3.9,27400,553,(59% OFF),Long Sleeves,Slim Fit,Slim Collar,FUBAR
Men Blue And Coral Pink Slim Fit Checked Pure Cotton Casual Shirt,4,375,679,(66% OFF),Long Sleeves,Slim Fit,Spread Collar,ROADSTER
Slim Fit Long Sleeves Mandarin Collar Cotton Casual Shirt,4.3,211,569,(70% OFF),Long Sleeves,Slim Fit,Mandarin Collar,ROADSTER
Men Black & Blue Slim Fit Checked Casual Shirt,4.1,3900,379,(62% OFF),Long Sleeves,Slim Fit,Spread Collar,HIGHLANDER
Men Opaque Casual Shirt,4.2,21,1079,(46% OFF),Long Sleeves,Regular Fit,Collarless,HERE&NOW
Men White Solid Casual Shirt,4.1,9,682,(61% OFF),Long Sleeves,Regular Fit,Mandarin Collar,HIGHLANDER
Men Olive Green & White Slim Fit Striped Casual Shirt,4,1400,643,(61% OFF),Long Sleeves,Slim Fit,Spread Collar,HIGHLANDER
Printed Casual Shirt,2.5,11,2249,(50% OFF),Short Sleeves,Regular Fit,Cuban Collar,ROADSTER
Men Black & White Slim Fit Tartan Checks Checked Casual Shirt,4.1,278,349,(80% OFF),Long Sleeves,Slim Fit,Spread Collar,ROADSTER
Highlander Black Slim Fit Casual Shirt,4.3,13700,419,(58% OFF),Long Sleeves,Slim Fit,Mandarin Collar,CAMPUS SUTRA
Men Cuban Collar Abstract Printed Casual Shirt,4,14,1079,(46% OFF),Short Sleeves,Regular Fit,Cuban Collar,HERE&NOW
Men Slim Fit Opaque Printed Casual Shirt,4.3,405,499,(75% OFF),Short Sleeves,Slim Fit,Spread Collar,HIGHLANDER
Men Navy Blue Cotton Tartan Checked Casual Shirt,4.1,3900,682,(61% OFF),Long Sleeves,Regular Fit,Spread Collar,HIGHLANDER
Men Tartan Checks Opaque Checked Casual Shirt,4,66,971,(46% OFF),Long Sleeves,Regular Fit,Spread Collar,ROADSTER
Men Olive Green Printed Casual Shirt,4.4,554,554,(63% OFF),Long Sleeves,Regular Fit,Band Collar,HIGHLANDER
Men Spread Collar Textured Relaxed Fit Casual Shirt,4.2,15,1187,(46% OFF),Long Sleeves,Relaxed Fit,Spread Collar,HIGHLANDER
Dusty Regular Fit Shirt,4.4,576,521,(71% OFF),Long Sleeves,Slim Fit,Spread Collar,HIGHLANDER
Grey Classic Band Collar Cotton Casual Shirt,4.5,34,599,(70% OFF),Long Sleeves,Regular Fit,Band Collar,HERE&NOW
Men Windowpane Checks Opaque Checked Casual Shirt,2.8,16,1187,(46% OFF),Long Sleeves,Regular Fit,Spread Collar,HIGHLANDER
The Lifestyle Co Men Black Slim Fit Knitted Sustainable Casual Shirt,4.2,624,688,(47% OFF),Short Sleeves,Slim Fit,Spread Collar,HIGHLANDER
Men Spread Collar Textured Relaxed Fit Casual Shirt,4.1,14,1187,(46% OFF),Long Sleeves,Relaxed Fit,Spread Collar,ROADSTER
Men Comfort Spread Collar Solid Casual Shirt,3.6,10,569,(70% OFF),Long Sleeves,Regular Fit,Spread Collar,CAMPUS SUTRA
Men Tartan Checks Opaque Checked Casual Shirt,3.9,794,367,(79% OFF),Long Sleeves,Regular Fit,Spread Collar,HERE&NOW
Black Striped Casual Shirt,4.1,3700,557,(69% OFF),Long Sleeves,Regular Fit,Spread Collar,HIGHLANDER
Men Coral Pink & Blue Checked Pure Cotton Casual Shirt,4.1,940,577,(67% OFF),Long Sleeves,Regular Fit,Spread Collar,ROADSTER
Checked Chest Pocket Detail Flannel Relaxed Fit Shirt,4.4,30,979,(65% OFF),Long Sleeves,Relaxed Fit,Spread Collar,HIGHLANDER
Men Slim Fit Checked Casual Shirt,4.2,742,639,(68% OFF),Long Sleeves,Slim Fit,Spread Collar,HARVARD
Slim Fit Spread Collar Cotton Casual Shirt,3.9,121,559,(68% OFF),Long Sleeves,Slim Fit,Spread Collar,HIGHLANDER
Men Navy Blue Cotton Opaque Denim Casual Shirt,4.2,2500,659,(67% OFF),Long Sleeves,Regular Fit,Mandarin Collar,ROADSTER
Men Light Blue Pure Cotton Casual Shirt,4.2,2800,681,(69% OFF),Long Sleeves,Slim Fit,Spread Collar,SNITCH
Men Black Slim Fit Printed Casual Shirt,4.1,317,311,(74% OFF),Short Sleeves,Slim Fit,Spread Collar,HIGHLANDER
Spread Collar Slim Fit Casual Shirt,3.4,590,430,(50% OFF),Long Sleeves,Slim Fit,Spread Collar,ROADSTER
Highlander Men Denim Slim Fit Denim Shirt,3.9,58,402,(77% OFF),Long Sleeves,Slim Fit,Mandarin Collar,HIGHLANDER
Green & White Ethnic Motif Printed Classic Slim Fit Casual Shirt,4.2,55,503,(72% OFF),Long Sleeves,Slim Fit,Spread Collar,HIGHLANDER
Textured Relaxed Fit Shirt,4.8,5,689,(70% OFF),Long Sleeves,Relaxed Fit,Cuban Collar,HIGHLANDER
Floral Printed Mandarin Collar Long Sleeves Slim Fit Casual Shirt,4.1,1600,559,(72% OFF),Long Sleeves,Slim Fit,Mandarin Collar,HIGHLANDER
Men Blue & White Striped Cotton Casual Shirt,4,180,349,(80% OFF),Long Sleeves,Regular Fit,Spread Collar,ICOME
Abstract Printed Cotton Casual Shirt,4.1,149,499,(75% OFF),Short Sleeves,Regular Fit,Cuban Collar,HIGHLANDER
Slim Fit Tartan Checks Casual Shirt,3.9,3200,260,(71% OFF),Long Sleeves,Slim Fit,Spread Collar,HIGHLANDER
Checked Spread Collar Cotton Slim Fit Casual Shirt,3.8,156,599,(70% OFF),Long Sleeves,Slim Fit,Spread Collar,ROADSTER
Men Standard Solid Casual Shirt,4.1,178,683,(62% OFF),Long Sleeves,Regular Fit,Button-Down Collar,THE INDIAN GARAGE CO
Highlander Men Oversized Textured Dobby Checked Overshirt,4.2,44,528,(77% OFF),Long Sleeves,Oversized,Cutaway Collar,MAST & HARBOUR
Men Slim Fit Pinstripes Opaque Casual Shirt,4.1,1900,664,(65% OFF),Short Sleeves,Slim Fit,Cuban Collar,HERE&NOW
Spread Collar Casual Shirt,4.2,10,781,(66% OFF),Long Sleeves,Regular Fit,Spread Collar,R.CODE BY THE ROADSTER LIFE CO.
Men Peach-Coloured & White Comfort Fit Checked Casual Shirt,4.2,31500,577,(67% OFF),Long Sleeves,Regular Fit,Spread Collar,HIGHLANDER
Men Blue Printed Casual Shirt,4.3,1900,647,(64% OFF),Long Sleeves,Regular Fit,Button-Down Collar,HIGHLANDER
Men White Checked Straight Shirts,4.4,5300,664,(65% OFF),Long Sleeves,Regular Fit,Mandarin Collar,HERE&NOW
Black Slim Fit Cotton Casual Shirt,4.8,19,437,(75% OFF),Long Sleeves,Slim Fit,Spread Collar,HIGHLANDER
Men Grey & Red Slim Fit Checked Casual Shirt,4.2,1200,747,(56% OFF),Long Sleeves,Slim Fit,Spread Collar,HIGHLANDER
Brown Floral Printed Classic Slim Fit Casual Shirt,3.7,56,503,(72% OFF),Short Sleeves,Slim Fit,Spread Collar,THE INDIAN GARAGE CO
Men Solid Melange Cuban Collar Relaxed Shirt,4.5,25,374,(75% OFF),Short Sleeves,Relaxed Fit,Spread Collar,HIGHLANDER
Men Brown Slim Fit Printed Casual Shirt,4.1,1200,349,(80% OFF),Long Sleeves,Slim Fit,Spread Collar,ROADSTER
Abstract Printed Cotton Casual Shirt,4.3,264,579,(71% OFF),Short Sleeves,Regular Fit,Cuban Collar,HIGHLANDER
Men Classic Slim Fit Faded Pure Cotton Denim Casual Shirt,4,108,659,(67% OFF),Long Sleeves,Slim Fit,Spread Collar,HERE&NOW
Men Black Solid Pure Cotton Casual Shirt,4.3,674,699,(65% OFF),Long Sleeves,Regular Fit,Mandarin Collar,DENNIS LINGO
Men Black Slim Fit Casual Shirt,4.2,1900,419,(79% OFF),Three-Quarter Sleeves,Slim Fit,Mandarin Collar,V-MART
Urban Wear Checked Shirt,3.8,13,694,(50% OFF),Short Sleeves,Regular Fit,Cuban Collar,THOMAS SCOTT
Men Navy Blue & White Slim Fit Tartan Checks Checked Casual Shirt,4.1,629,682,(61% OFF),Long Sleeves,Slim Fit,Spread Collar,ROADSTER
Men Black Slim Fit Ethnic Printed Casual Shirt,4.3,5100,599,(70% OFF),Short Sleeves,Slim Fit,Spread Collar,KOOK N KEECH
Slim Fit Floral Printed Cuban Collar Cotton Casual Shirt,4.1,127,619,(69% OFF),Short Sleeves,Slim Fit,Cuban Collar,CAMPUS SUTRA
Men White Solid Casual Shirt,4,1700,689,(50% OFF),Long Sleeves,Regular Fit,Spread Collar,HIGHLANDER
Men Green Slim Fit Printed Casual Shirt,4.3,1700,607,(68% OFF),Short Sleeves,Slim Fit,Spread Collar,HIGHLANDER
The Lifestyle Co Men Maroon & Black Regular Fit Checked Casual Shirt,4.3,2,734,(51% OFF),Long Sleeves,Regular Fit,Spread Collar,HIGHLANDER
Men Black Slim Fit Opaque Printed Casual Shirt,4.1,2900,335,(72% OFF),Short Sleeves,Slim Fit,Spread Collar,HARVARD
Black Classic Slim Fit Self Design Casual Shirt,4.1,35,503,(72% OFF),Short Sleeves,Slim Fit,Spread Collar,HIGHLANDER
Men Green Comfort Cotton Casual Shirt,4.1,30,682,(61% OFF),Long Sleeves,Regular Fit,Spread Collar,ICOME
The Lifestyle Co Relaxed Fit Denim Casual Shirts,2.6,22,539,(73% OFF),Long Sleeves,Relaxed Fit,Spread Collar,ROADSTER
Men Teal Green & Black Slim Fit Checked Casual Shirt,4,151,349,(80% OFF),Long Sleeves,Slim Fit,Spread Collar,SNITCH
Men Teal Casual Shirt,4.1,30,682,(61% OFF),Long Sleeves,Regular Fit,Cutaway Collar,ICOME
Men Striped Mandarin Collar Pure Cotton Casual Shirt,4.1,436,629,(70% OFF),Long Sleeves,Regular Fit,Mandarin Collar,ICOME
Men Black Casual Shirt,4.2,6600,531,(62% OFF),Short Sleeves,Regular Fit,Spread Collar,HIGHLANDER
White Ethnic Motifs Printed Classic Casual Shirt,4.1,419,503,(72% OFF),Short Sleeves,Oversized,Spread Collar,ROADSTER
Men Blue & White Slim Fit Printed Casual Shirt,4,1100,577,(67% OFF),Long Sleeves,Slim Fit,Spread Collar,HIGHLANDER
Men Orange Comfort Checked Regular Fit Cotton Casual Shirt,4.2,31500,559,(68% OFF),Long Sleeves,Regular Fit,Spread Collar,ICOME
Men Olive Green Regular Fit Solid Sustainable Casual Shirt,4.3,29200,539,(55% OFF),Long Sleeves,Regular Fit,Mandarin Collar,HIGHLANDER
Slim Fit Spread Collar Long Sleeves Casual Shirt,3.7,2600,514,(50% OFF),Long Sleeves,Slim Fit,Spread Collar,HIGHLANDER
White Slim Fit Vertical Striped Cuban Collar Cotton Casual Shirt,4.4,538,549,(75% OFF),Short Sleeves,Slim Fit,Cuban Collar,HIGHLANDER
Men Opaque Casual Shirt,4.5,1300,664,(65% OFF),Long Sleeves,Regular Fit,Mandarin Collar,ICOME
Men Black Slim Fit Floral Printed Casual Shirt,4.2,2300,639,(68% OFF),Short Sleeves,Slim Fit,Spread Collar,HIGHLANDER
Casual Ready Printed Chest Pocket Relaxed Fit Shirt,3,22,615,(50% OFF),Short Sleeves,Relaxed Fit,Spread Collar,ICOME
Slim Fit Spread Collar Casual Shirt,3.7,2600,514,(50% OFF),Long Sleeves,Slim Fit,Spread Collar,HIGHLANDER
Slim Fit Casual Shirt,4.3,120,599,(70% OFF),Long Sleeves,Slim Fit,Spread Collar,THE INDIAN GARAGE CO
Men Abstract Printed Spread Collar Slim Fit Casual Shirt,4.3,2800,599,(70% OFF),Long Sleeves,Slim Fit,Spread Collar,ICOME
Men Grey & White Striped Casual Shirt,4.2,456,571,(56% OFF),Long Sleeves,Regular Fit,Spread Collar,MAST & HARBOUR
The Lifestyle Co Relaxed Fit Denim Casual Shirts,3.1,24,519,(74% OFF),Long Sleeves,Relaxed Fit,Spread Collar,ICOME
Men Dobby Textured Solid Casual Shirt,3.9,35,517,(77% OFF),Long Sleeves,Regular Fit,Spread Collar,HERE&NOW
Slim Fit Checked Casual Shirt,4.1,1700,607,(68% OFF),Short Sleeves,Slim Fit,Spread Collar,HIGHLANDER
Men Olive Striped Slim Fit Shirt,4.4,65,413,(77% OFF),Long Sleeves,Slim Fit,Spread Collar,ICOME
Men Pink Slim Fit Printed Casual Shirt,4.2,1600,262,(79% OFF),Short Sleeves,Slim Fit,Spread Collar,HIGHLANDER
The Life Co. Relaxed Fit Drop-Shoulder Sleeves Pure Cotton Casual Shirt,4,27,671,(58% OFF),Long Sleeves,Relaxed Fit,Cutaway Collar,HERE&NOW
Men White & Grey Slim Fit Camouflage Printed Casual Shirt,4.2,7300,461,(56% OFF),Short Sleeves,Slim Fit,Spread Collar,HIGHLANDER
Spread Collar Slim Fit Floral Opaque Printed Cotton Casual Shirt,4.1,620,692,(67% OFF),Long Sleeves,Slim Fit,Spread Collar,ICOME
Sweet Street Striped Oversized Shirt,3.6,29,609,(50% OFF),Short Sleeves,Oversized,Cuban Collar,ICOME
Men Yellow & White Horizontal Striped Cotton Casual Shirt,4.2,5,559,(68% OFF),Long Sleeves,Regular Fit,Spread Collar,HIGHLANDER
Men Teal Blue Cotton Casual Shirt,4,9,599,(50% OFF),Long Sleeves,Regular Fit,Spread Collar,ICOME
The Lifestyle Co Men White & Navy Blue Regular Fit Printed Pure Cotton Casual Shirt,4.2,770,629,(50% OFF),Long Sleeves,Regular Fit,Spread Collar,THE INDIAN GARAGE CO
Men Pink Slim Fit Opaque Striped Casual Shirt,3.7,154,559,(50% OFF),Long Sleeves,Slim Fit,Button-Down Collar,HIGHLANDER
Men Navy Blue Opaque Printed Casual Shirt,4.2,856,524,(65% OFF),Long Sleeves,Regular Fit,Spread Collar,ICOME
Men Blue Comfort Checked Casual Shirt,4.2,31500,682,(61% OFF),Long Sleeves,Regular Fit,Spread Collar,ROADSTER
Navy Blue Classic Oversized Ethnic Motifs Printed Casual Shirt,4.1,190,503,(72% OFF),Short Sleeves,Oversized,Spread Collar,HIGHLANDER
Men White Pure Cotton Casual Sustainable Shirt,4.3,2200,584,(61% OFF),Long Sleeves,Regular Fit,Mandarin Collar,ICOME
Checked Slim Fit Shirt,4.4,712,449,(75% OFF),Long Sleeves,Slim Fit,Spread Collar,HERE&NOW
Navy Blue Slim Fit Self Design Cotton Casual Shirt,4.1,358,671,(68% OFF),Long Sleeves,Slim Fit,Mandarin Collar,ICOME
Men Yellow Slim Fit Ethnic Opaque Printed Cotton Casual Shirt,4,245,360,(81% OFF),Long Sleeves,Slim Fit,Spread Collar,V-MART
Men White Regular Fit Solid Casual Shirt,4.1,1700,629,(70% OFF),Long Sleeves,Regular Fit,Spread Collar,ROADSTER
Slim Fit Vertical Striped Casual Shirt,3.7,380,414,(50% OFF),Long Sleeves,Slim Fit,Spread Collar,KOOK N KEECH
Men Slim Fit Premium Button-Down Collar Solid Linen Casual Shirt,3.6,16,639,(50% OFF),Long Sleeves,Slim Fit,Button-Down Collar,CAMPUS SUTRA
Men Black Comfort Cotton Casual Shirt,4.1,30,594,(66% OFF),Long Sleeves,Regular Fit,Spread Collar,HARVARD
Men Easy Care Lavender Self Design Smart Sustainable Formal Shirt,4.1,1100,559,(44% OFF),Long Sleeves,Slim Fit,Spread Collar,ICOME
Men Blue & Beige Tartan Checked Casual Shirt,4.1,13600,559,(68% OFF),Long Sleeves,Regular Fit,Spread Collar,V-MART
Micro Ditsy Printed Spread Collar Cotton Slim Fit Casual Shirt,4.1,115,292,(85% OFF),Long Sleeves,Slim Fit,Spread Collar,ROADSTER
Men Geometric Printed Spread Collar Slim Fit Casual Shirt,4.3,2900,659,(67% OFF),Long Sleeves,Slim Fit,Spread Collar,ROADSTER
Checked Mandarin Collar Long Sleeves Cotton Casual Shirt,4,344,689,(70% OFF),Long Sleeves,Regular Fit,Mandarin Collar,HARDSODA BY THE INDIAN GARAGE CO
Striped Slim Fit Cotton Casual Shirt,4.2,630,671,(68% OFF),Short Sleeves,Slim Fit,Cuban Collar,ICOME
Men Navy Blue Slim Fit Printed Casual Shirt,4.2,254,274,(78% OFF),Short Sleeves,Slim Fit,Spread Collar,HIGHLANDER
Men Opaque Checked Casual Shirt,4.1,277,599,(70% OFF),Long Sleeves,Regular Fit,Spread Collar,HIGHLANDER
Men Floral Printed Pure Cotton Slim Fit Casual Shirt,4.2,692,574,(50% OFF),Short Sleeves,Slim Fit,Spread Collar,V-MART
Slim Fit Striped Casual Shirt,3.9,279,420,(71% OFF),Long Sleeves,Slim Fit,Spread Collar,FUBAR
Men Maroon & Blue Regular Fit Checked Casual Shirt,4,313,349,(80% OFF),Long Sleeves,Regular Fit,Spread Collar,ICOME
Men Green Comfort Cotton Casual Shirt,4.1,30,402,(77% OFF),Long Sleeves,Regular Fit,Spread Collar,KETCH
Men Mandarin Collar Solid Cotton Casual Shirt,3.9,8,503,(76% OFF),Long Sleeves,Regular Fit,Mandarin Collar,GLITCHEZ
The Lifestyle Co. Solid Spread Collar Pure Cotton Casual Shirt,4.3,95,587,(58% OFF),Long Sleeves,Regular Fit,Spread Collar,ROADSTER
Men Black Cream- Colour Slim Fit Checked Shirt,4,817,402,(77% OFF),Long Sleeves,Slim Fit,Spread Collar,ICOME
Men Pure Cotton Casual Shirt,4.3,47,499,(50% OFF),Long Sleeves,Regular Fit,Spread Collar,HIGHLANDER
Men Blue Slim Fit Casual Shirt,4,3800,695,(52% OFF),Long Sleeves,Slim Fit,Spread Collar,CAMPUS SUTRA
Men Grey Black Regular Fit Printed Sustainable Casual Shirt,4.3,1200,539,(64% OFF),Long Sleeves,Regular Fit,Mandarin Collar,ROADSTER
Slim Fit Multi Striped Cotton Casual Shirt,4.3,395,629,(70% OFF),Short Sleeves,Slim Fit,Spread Collar,ICOME
Men Comfort Spread Collar Graphic Printed Casual Shirt,4,31,569,(70% OFF),Long Sleeves,Regular Fit,Spread Collar,ICOME
Men Striped Casual Shirt,4.4,397,629,(70% OFF),Long Sleeves,Regular Fit,Mandarin Collar,HIGHLANDER
Men Striped Casual Shirt,4,1700,671,(68% OFF),Long Sleeves,Regular Fit,Spread Collar,ICOME
Men Navy Blue & Burgundy Slim Fit Striped Sustainable Casual Shirt,4,836,629,(58% OFF),Long Sleeves,Slim Fit,Spread Collar,HERE&NOW
Men Easy Care Teal Blue Checked Sustainable Formal Shirt,4.1,1500,649,(50% OFF),Long Sleeves,Regular Fit,Spread Collar,MAST & HARBOUR
Men Navy Blue & White Regular Fit Printed Casual Shirt,4.2,1300,645,(62% OFF),Long Sleeves,Regular Fit,Spread Collar,HIGHLANDER
Men Navy Blue & Taupe Slim Fit Checked Casual Shirt,4.1,1,376,(71% OFF),Long Sleeves,Slim Fit,Spread Collar,V-MART
The Lifestyle Co. Men Maroon Pure Cotton Solid Casual Shirt,4.3,3100,662,(49% OFF),Long Sleeves,Regular Fit,Spread Collar,MAST & HARBOUR
Spread Collar Slim Fit Casual Shirt,3.5,804,430,(50% OFF),Long Sleeves,Slim Fit,Spread Collar,R.CODE BY THE ROADSTER LIFE CO.
Highlander Men Regular Fit Slim Fit shirt,4.4,130,431,(76% OFF),Long Sleeves,Slim Fit,Spread Collar,HIGHLANDER
Men Navy Blue & White Slim Fit Cotton Checked Casual Shirt,4,540,349,(80% OFF),Long Sleeves,Slim Fit,Spread Collar,ICOME
Men Charcoal Grey Regular Fit Solid Casual Shirt,4.2,1600,503,(64% OFF),Long Sleeves,Regular Fit,Spread Collar,ROADSTER
Slim Fit Abstract Printed Casual Shirt,4.1,672,639,(68% OFF),Long Sleeves,Slim Fit,Spread Collar,HIGHLANDER
Men Slim Fit Opaque Printed Casual Shirt,4.3,343,539,(70% OFF),Short Sleeves,Slim Fit,Cuban Collar,HIGHLANDER
Slim Fit Cuban Collar Short Sleeves Casual Shirt,3.9,640,539,(70% OFF),Short Sleeves,Slim Fit,Cuban Collar,ICOME
Men Olive Green Slim Fit Cotton Casual Shirt,4.4,4900,620,(73% OFF),Long Sleeves,Slim Fit,Spread Collar,ROADSTER
Men Standard Pure Cotton Casual Shirt,4.1,4100,671,(52% OFF),Long Sleeves,Regular Fit,Spread Collar,ICOME
Men Maroon Slim Fit Cotton Casual Shirt,4.4,4900,689,(70% OFF),Long Sleeves,Slim Fit,Spread Collar,HIGHLANDER
Twilight Mauve Slim Fit Casual Shirt,4.3,706,674,(55% OFF),Long Sleeves,Slim Fit,Spread Collar,THE INDIAN GARAGE CO
