,name,stars,no_of_ratings,price,discount,sleeve,fit,collar
0,Slim Fit Herringbone Casual Shirt,4,125 Ratings,â‚¹1494,(35% OFF),Short Sleeves,Slim Fit,Spread Collar
1,Pure Cotton Textured Self Design Slim Fit Opaque Casual Shirt,4.4,44 Ratings,â‚¹989,(45% OFF),Long Sleeves,Slim Fit,Spread Collar
2,The Lifestyle Co Men Light Blue Solid Regular Fit Chambray Casual Shirt,4.1,6.8k Ratings,â‚¹614,(59% OFF),Long Sleeves,Regular Fit,Spread Collar
3,Highlander Men Checked Slim Fit Shirt,4.3,2.2k Ratings,â‚¹413,(77% OFF),Long Sleeves,Slim Fit,Spread Collar
4,Men Classic Tartan Checks Opaque Checked Casual Shirt,,,â‚¹989,(67% OFF),Long Sleeves,Regular Fit,Spread Collar
5,Classic Self Design Spread Collar Casual Shirt,4.4,12.6k Ratings,â‚¹759,(60% OFF),Long Sleeves,Regular Fit,Spread Collar
6,Men Navy Blue Magenta Pink Regular Fit Checked Casual Shirt,4.2,13.4k Ratings,â‚¹588,(69% OFF),Long Sleeves,Regular Fit,Spread Collar
7,Men Double Pocket Oversized Ombre Dyed Shirt,,,â‚¹1019,(66% OFF),Long Sleeves,Oversized,Spread Collar
8,Highlander Men Dusty Checked Slim Fit Shirt,4.4,1.2k Ratings,â‚¹467,(74% OFF),Long Sleeves,Slim Fit,Spread Collar
9,Men White Slim Fit Solid Casual Shirt,4.2,9.6k Ratings,â‚¹395,(67% OFF),Long Sleeves,Slim Fit,Spread Collar
10,Men Classic Tartan Checks Opaque Checked Casual Shirt,,,â‚¹1199,(60% OFF),Long Sleeves,Regular Fit,Spread Collar
11,Men White Slim Fit Casual Shirt,4.2,22.5k Ratings,â‚¹329,(70% OFF),Long Sleeves,Slim Fit,Mandarin Collar
12,Men White Classic Regular Fit Cotton Casual Shirt,4.2,14.8k Ratings,â‚¹531,(62% OFF),Long Sleeves,Regular Fit,Spread Collar
13,Men Spread Collar Graphic Printed Cotton Oversized Casual Shirt,4.2,31 Ratings,â‚¹971,(46% OFF),Short Sleeves,Oversized,Spread Collar
14,Men Blue & White Slim Fit Striped Casual Shirt,4.3,38.7k Ratings,â‚¹512,(Rs. 1587 OFF),Long Sleeves,Slim Fit,Button-Down Collar
15,Men White & Teal Blue Slim Fit Striped Casual Shirt,4.1,46.1k Ratings,â‚¹682,(61% OFF),Long Sleeves,Slim Fit,Spread Collar
16,Men Alias-N Regular Fit Spread Collar Shirt,4,50 Ratings,â‚¹2727,(38% OFF),Long Sleeves,Regular Fit,Spread Collar
17,Men Navy Blue & Off White Slim Fit Printed Casual Shirt,4.3,18.3k Ratings,â‚¹699,(65% OFF),Short Sleeves,Slim Fit,Mandarin Collar
18,Abstract Printed Slim Fit Casual Shirt,4.2,468 Ratings,â‚¹699,(65% OFF),Long Sleeves,Slim Fit,Spread Collar
19,Men Button-Down Collar Micro Checked Cotton Casual Shirt,4.8,16 Ratings,â‚¹1079,(46% OFF),Long Sleeves,Regular Fit,Button-Down Collar
20,Slim Fit Long Sleeves Spread Collar Casual Shirt,4.2,855 Ratings,â‚¹759,(62% OFF),Long Sleeves,Slim Fit,Spread Collar
21,Men Pack Of 2 Sustainable Shirts,4.2,9.8k Ratings,â‚¹923,(56% OFF),Long Sleeves,Slim Fit,Spread Collar
22,Men Striped Spread Collar Casual Shirt,4.4,56 Ratings,â‚¹935,(48% OFF),Long Sleeves,Regular Fit,Spread Collar
23,India Slim Checked Drop-Shoulder Sleeves Pure Cotton Oversized Casual Shirt,4.3,1.6k Ratings,â‚¹935,(48% OFF),Long Sleeves,Oversized,Spread Collar
24,Classic Pure Cotton Casual Shirt,4.1,231 Ratings,â‚¹899,(82% OFF),Long Sleeves,Regular Fit,Spread Collar
25,Men Spread Collar Textured Casual Shirt,,,â‚¹989,(55% OFF),Long Sleeves,Regular Fit,Spread Collar
26,Self Design Corduroy Weave Oversized Casual Shirt,4.4,995 Ratings,â‚¹767,(68% OFF),Long Sleeves,Oversized,Cuban Collar
27,Men Navy Blue & Red Checked Casual Shirt,4.2,5.7k Ratings,â‚¹599,(70% OFF),Long Sleeves,Regular Fit,Button-Down Collar
28,Men New Spread Collar Vertical Striped Cotton Slim Fit Casual Shirt,,,â‚¹819,(59% OFF),Long Sleeves,Slim Fit,Spread Collar
29,Men Cream-Coloured & Navy Blue Tartan Checked Shirt,4.2,31.5k Ratings,â‚¹559,(68% OFF),Long Sleeves,Regular Fit,Spread Collar
30,Men Standard Opaque Checked Casual Shirt,4.2,2k Ratings,â‚¹899,(Rs. 1500 OFF),Long Sleeves,Regular Fit,Spread Collar
31,Men Tartan Checks Opaque Checked Casual Shirt,4.1,101 Ratings,â‚¹1079,(46% OFF),Long Sleeves,Regular Fit,Spread Collar
32,Men White Slim Fit Casual Cotton Linen Shirt,4,2k Ratings,â‚¹399,(68% OFF),Long Sleeves,Slim Fit,Spread Collar
33,Men Opaque Casual Shirt,3.9,24 Ratings,â‚¹791,(67% OFF),Long Sleeves,Regular Fit,Spread Collar
34,Men Spread Collar Tartan Checked Cotton Relaxed Fit Casual Shirt,4,201 Ratings,â‚¹1079,(46% OFF),Long Sleeves,Relaxed Fit,Spread Collar
35,Men Pink & White Slim Fit Striped Casual Shirt,4.3,38.7k Ratings,â‚¹639,(68% OFF),Long Sleeves,Slim Fit,Button-Down Collar
36,Spread Collar Slim Fit Corduroy Casual Shirt,4.2,428 Ratings,â‚¹699,(65% OFF),Long Sleeves,Slim Fit,Spread Collar
37,Men Opaque Casual Shirt,4.1,14 Ratings,â‚¹1187,(46% OFF),Long Sleeves,Regular Fit,Spread Collar
38,Geometric Printed Slim Fit Opaque Casual Shirt,4.3,2.9k Ratings,â‚¹799,(60% OFF),Long Sleeves,Slim Fit,Spread Collar
39,Men Slim Fit Opaque Striped Casual Shirt,4.3,780 Ratings,â‚¹639,(68% OFF),Long Sleeves,Slim Fit,Mandarin Collar
40,Men Spread Collar Solid Casual Shirt,3.4,19 Ratings,â‚¹1079,(46% OFF),Long Sleeves,Regular Fit,Spread Collar
41,Men White Slim Fit Printed Casual Shirt,4.2,6.9k Ratings,â‚¹391,(72% OFF),Long Sleeves,Slim Fit,Spread Collar
42,The Lifestyle Co Pure Cotton Casual Shirts,4.1,1.1k Ratings,â‚¹699,(65% OFF),Long Sleeves,Regular Fit,Spread Collar
43,Men Spread Collar Tartan Checked Casual Shirt,4.2,388 Ratings,â‚¹935,(48% OFF),Long Sleeves,Regular Fit,Spread Collar
44,Men Standard Checked Casual Shirt,4.4,700 Ratings,â‚¹791,(67% OFF),Long Sleeves,Regular Fit,Button-Down Collar
45,Grey Slim Fit Textured Opaque Casual Shirt,4.3,546 Ratings,â‚¹799,(60% OFF),Long Sleeves,Slim Fit,Spread Collar
46,Classic Tartan Checked Cotton Casual Shirt,,,MRPâ‚¹ 2999,,Long Sleeves,Regular Fit,Spread Collar
47,White Slim Fit Striped Short Sleeves Cotton Casual Shirt,4.2,3k Ratings,â‚¹781,(66% OFF),Short Sleeves,Slim Fit,Cuban Collar
48,Men Black & Blue Regular Fit Checked Casual Shirt,4.3,1.3k Ratings,â‚¹689,(54% OFF),Long Sleeves,Regular Fit,Spread Collar
49,Men Classic Tartan Checks Opaque Checked Casual Shirt,,,â‚¹989,(67% OFF),Long Sleeves,Regular Fit,Spread Collar
50,Men Tartan Checks Opaque Checked Casual Shirt,4.4,45 Ratings,â‚¹1151,(36% OFF),Long Sleeves,Regular Fit,Spread Collar
51,Men Grey Slim Fit Faded Cotton Casual Shirt,4.2,2.2k Ratings,â‚¹431,(68% OFF),Long Sleeves,Slim Fit,Spread Collar
52,Men Navy Blue Slim Fit Casual Shirt,4.2,4k Ratings,â‚¹550,(71% OFF),Short Sleeves,Slim Fit,Spread Collar
53,Spread Collar Plum Classic Slim Fit Satin Casual Shirt,4.4,39 Ratings,â‚¹1049,(30% OFF),Long Sleeves,Slim Fit,Spread Collar
54,Men Classic Oversized Fit Spread Collar Textured Cotton Casual Shirt,,,â‚¹949,(50% OFF),Long Sleeves,Oversized,Spread Collar
55,Men Black & Grey Slim Fit Checked Casual Shirt,4.1,16.6k Ratings,â‚¹649,(Rs. 1000 OFF),Long Sleeves,Slim Fit,Spread Collar
56,Men Standard Opaque Casual Pure Cotton Shirt,4.1,4.1k Ratings,â‚¹699,(Rs. 500 OFF),Long Sleeves,Regular Fit,Spread Collar
57,Long Sleeves Zip Log Cotton Casual Shirt,3.6,38 Ratings,â‚¹1599,(20% OFF),Long Sleeves,Regular Fit,Spread Collar
58,Men Spread Collar Tartan Checked Casual Shirt,4.3,59 Ratings,â‚¹899,(50% OFF),Long Sleeves,Regular Fit,Spread Collar
59,Men Black Slim Fit Faded Denim Shirt,4.2,7.2k Ratings,â‚¹611,(66% OFF),Long Sleeves,Slim Fit,Spread Collar
60,Men Cream-Coloured & Black Shepherd Checked Casual Shirt,4.2,31.5k Ratings,â‚¹682,(61% OFF),Long Sleeves,Regular Fit,Spread Collar
61,Vertical Stripe Cotton Summer Shirt,4.3,41 Ratings,â‚¹1295,(28% OFF),Long Sleeves,Slim Fit,Spread Collar
62,Men Cuban Collar Floral Printed Oversized Casual Shirt,,,â‚¹971,(46% OFF),Short Sleeves,Oversized,Cuban Collar
63,Men Teal Blue & White Slim Fit Striped Casual Shirt,4.3,5.9k Ratings,â‚¹626,(67% OFF),Long Sleeves,Slim Fit,Mandarin Collar
64,Men Blue & White Slim Fit Checked Casual Shirt,4.1,2.5k Ratings,â‚¹402,(77% OFF),Long Sleeves,Slim Fit,Spread Collar
65,Manhattan Slim Fit Checked Pure Cotton Casual Shirt,,,â‚¹1679,(30% OFF),Long Sleeves,Slim Fit,Button-Down Collar
66,Men Premium Button-Down Collar Solid Cotton Casual Shirt,3.9,14 Ratings,MRPâ‚¹ 2990,,Long Sleeves,Regular Fit,Button-Down Collar
67,The Lifestyle Co Men Green Solid Pure Cotton Regular Fit Casual Shirt,4,664 Ratings,â‚¹734,(51% OFF),Long Sleeves,Regular Fit,Spread Collar
68,Blue Slim Fit Vertical Striped Cotton Casual Shirt,4,575 Ratings,â‚¹659,(70% OFF),Long Sleeves,Slim Fit,Spread Collar
69,Men Classic Spread Collar Tartan Checked Cotton Casual Shirt,,,â‚¹911,(43% OFF),Long Sleeves,Regular Fit,Spread Collar
70,Men Premium Button-Down Collar Solid Cotton Casual Shirt,3.9,14 Ratings,MRPâ‚¹ 2990,,Long Sleeves,Regular Fit,Button-Down Collar
71,Men Yellow Comfort Checked Regular Fit Casual Shirt,4.2,31.5k Ratings,â‚¹594,(66% OFF),Long Sleeves,Regular Fit,Spread Collar
72,Men Black & White Buffalo Checks Checked Cotton Casual Shirt,4.2,11.9k Ratings,â‚¹559,(68% OFF),Long Sleeves,Regular Fit,Spread Collar
73,Manhattan Slim Fit Striped Button-Down Collar Pure Cotton Casual Shirt,,,â‚¹1609,(30% OFF),Long Sleeves,Slim Fit,Button-Down Collar
74,Men Double Pocket Shirt,4,45 Ratings,â‚¹1019,(66% OFF),Long Sleeves,Regular Fit,Spread Collar
75,Men Standard Opaque Casual Pure Cotton Shirt,4.1,4.1k Ratings,â‚¹671,(44% OFF),Long Sleeves,Regular Fit,Spread Collar
76,Green & Rust Slim Fit Tartan Checks Casual Shirt,4.1,3.4k Ratings,â‚¹650,(69% OFF),Long Sleeves,Slim Fit,Spread Collar
77,Men turquoise Blue Slim Fit Pure Cotton Casual Shirt,4.2,5.3k Ratings,â‚¹899,(Rs. 1300 OFF),Long Sleeves,Slim Fit,Spread Collar
78,Men Classic Slim Fit Opaque Casual Shirt,3.8,26 Ratings,â‚¹1104,(35% OFF),Long Sleeves,Slim Fit,Button-Down Collar
79,Men Comfort Opaque Casual Shirt,4.4,53 Ratings,â‚¹683,(64% OFF),Long Sleeves,Regular Fit,Spread Collar
80,Men Striped Pure Cotton Casual Shirt,4.3,38.7k Ratings,â‚¹639,(68% OFF),Long Sleeves,Regular Fit,Button-Down Collar
81,Men Blue & White Slim Fit Striped Sustainable Casual Shirt,4.4,1.2k Ratings,â‚¹644,(57% OFF),Long Sleeves,Slim Fit,Mandarin Collar
82,Premium Slim Fit Button-Down Collar Long Sleeves Cotton Casual Shirt,4,5 Ratings,MRPâ‚¹ 4590,,Long Sleeves,Slim Fit,Button-Down Collar
83,Men Purple Pure Cotton Solid Opaque Casual Shirt,4.1,4.4k Ratings,â‚¹519,(60% OFF),Long Sleeves,Regular Fit,Spread Collar
84,Men White Pure Cotton Abstract Printed Casual Shirt,4.2,8.1k Ratings,â‚¹554,(63% OFF),Long Sleeves,Regular Fit,Spread Collar
85,Men Premium Opaque Solid Casual Shirt,,,â‚¹3192,(20% OFF),Long Sleeves,Regular Fit,Spread Collar
86,Men Slim Fit Casual Shirt,4.2,25 Ratings,â‚¹1097,(39% OFF),Long Sleeves,Slim Fit,Button-Down Collar
87,Men Navy Blue & Brown Slim Fit Checked Casual Shirt,4.1,1.9k Ratings,â‚¹367,(79% OFF),Long Sleeves,Slim Fit,Spread Collar
88,Men Maroon & Black Checked Pure Cotton Casual Shirt,4.3,10.4k Ratings,â‚¹701,(46% OFF),Long Sleeves,Regular Fit,Spread Collar
89,Men Classic Slim Fit Opaque Casual Shirt,5,5 Ratings,â‚¹1097,(39% OFF),Long Sleeves,Slim Fit,Button-Down Collar
90,Men Premium Button-Down Collar Solid Cotton Casual Shirt,4,17 Ratings,MRPâ‚¹ 3990,,Long Sleeves,Regular Fit,Button-Down Collar
91,Men Standard Pure Cotton Casual Shirt,4.1,4.1k Ratings,â‚¹699,(Rs. 700 OFF),Long Sleeves,Regular Fit,Spread Collar
92,Grey Classic Slim Fit Cotton Casual Shirt,4.1,257 Ratings,â‚¹599,(70% OFF),Long Sleeves,Slim Fit,Spread Collar
93,Premium Full Sleeve Striped Slim Fit Shirt,,,â‚¹3672,(20% OFF),Long Sleeves,Slim Fit,Spread Collar
94,Premium Opaque Chested Pocket Casual Shirt,,,MRPâ‚¹ 4990,,Long Sleeves,Regular Fit,Spread Collar
95,Men Green Slim Fit Solid Casual Shirt,4.1,3.1k Ratings,â‚¹296,(73% OFF),Short Sleeves,Slim Fit,Mandarin Collar
96,Men Navy Blue & Green Checked Casual Shirt,4.3,12.1k Ratings,â‚¹623,(52% OFF),Long Sleeves,Regular Fit,Spread Collar
97,Men Classic Long Sleeve Slim Fit Casual Shirt,,,â‚¹1097,(39% OFF),Long Sleeves,Slim Fit,Button-Down Collar
98,Premium Abstract Printed Twill Cotton Casual Shirt,,,MRPâ‚¹ 3990,,Short Sleeves,Regular Fit,Spread Collar
99,Men Pink Solid Long Roll-Up Sleeves Slim Fit Casual Shirt,4.2,1.7k Ratings,â‚¹399,(80% OFF),Long Sleeves,Slim Fit,Button-Down Collar
100,Men Blue & White Slim Fit Checked Casual Shirt,4.2,2.4k Ratings,â‚¹559,(68% OFF),Long Sleeves,Slim Fit,Spread Collar
101,Men Classic Slim Fit Opaque Casual Shirt,,,â‚¹824,(50% OFF),Long Sleeves,Slim Fit,Cutaway Collar
102,Premium Slim Fit Textured Self Design Button-Down Collar Cotton Casual Shirt,,,MRPâ‚¹ 3990,,Long Sleeves,Slim Fit,Button-Down Collar
103,Men Mauve Regular Fit Solid Sustainable Casual Shirt,4.2,3.5k Ratings,â‚¹539,(55% OFF),Long Sleeves,Regular Fit,Spread Collar
104,Men Standard Opaque Casual Pure Cotton Shirt,4.1,4.1k Ratings,â‚¹671,(44% OFF),Long Sleeves,Regular Fit,Spread Collar
105,Spread Collar Cotton Casual Shirt,3.9,42 Ratings,â‚¹1999,(20% OFF),Long Sleeves,Regular Fit,Spread Collar
106,Classic Tartan Checked Cotton Casual Shirt,,,â‚¹989,(67% OFF),Long Sleeves,Regular Fit,Spread Collar
107,Men Black & White Checked Pure Cotton Casual Shirt,4.3,28.3k Ratings,â‚¹614,(59% OFF),Long Sleeves,Regular Fit,Mandarin Collar
108,The Men Blue & White Printed Pure Cotton Casual Shirt,4.2,650 Ratings,â‚¹713,(58% OFF),Long Sleeves,Regular Fit,Spread Collar
109,Men Classic Slim Fit Cotton Casual Shirt,3.8,24 Ratings,â‚¹1104,(35% OFF),Long Sleeves,Slim Fit,Button-Down Collar
110,Men Self Design Floral Cuban Collar Oversized Smart Casual Shirt,,,â‚¹1224,(65% OFF),Short Sleeves,Oversized,Cuban Collar
111,Highlander Men White Popcorn Textured Solid Cuabn Collar Shirt,4.4,25 Ratings,â‚¹407,(76% OFF),Short Sleeves,Relaxed Fit,Cuban Collar
112,Brown Ethnic Motifs Printed Cuban Collar Slim Fit Casual Shirt,4.4,1.1k Ratings,â‚¹593,(67% OFF),Short Sleeves,Slim Fit,Cuban Collar
113,Classic Slim Fit Spread Collar Satin Casual Shirt,4.3,360 Ratings,â‚¹1049,(30% OFF),Long Sleeves,Slim Fit,Spread Collar
114,Men Classic Slim Fit Opaque Casual Shirt,,,â‚¹899,(40% OFF),Long Sleeves,Slim Fit,Mandarin Collar
115,Men Checked Pure Cotton Shirt,4.4,430 Ratings,â‚¹588,(69% OFF),Long Sleeves,Regular Fit,Spread Collar
116,Men Beige Slim Fit Solid Casual Shirt,4.1,2.6k Ratings,â‚¹559,(68% OFF),Long Sleeves,Slim Fit,Cutaway Collar
117,Men India Spread Collar Micro Ditsy Printed Cotton Slim Fit Casual Shirt,,,â‚¹1749,(50% OFF),Long Sleeves,Slim Fit,Spread Collar
118,Men Classic Opaque Casual Shirt,,,â‚¹944,(10% OFF),Long Sleeves,Regular Fit,Button-Down Collar
119,Men Black Pure Cotton Casual Shirt,4.3,2.8k Ratings,â‚¹531,(62% OFF),Long Sleeves,Regular Fit,Band Collar
120,Stripe Flex Opaque Striped Casual Shirt,3.4,19 Ratings,â‚¹584,(Rs. 815 OFF),Short Sleeves,Relaxed Fit,Cuban Collar
121,Men Striped Pure Cotton Casual Shirt,4.3,42 Ratings,â‚¹749,(70% OFF),Long Sleeves,Regular Fit,Spread Collar
122,Men Classic Tartan Checked Casual Shirt,4.4,563 Ratings,â‚¹594,(65% OFF),Long Sleeves,Regular Fit,Spread Collar
123,Tartan Checks Button-Down Collar Long Sleeves Slim Fit Cotton Casual Shirt,3.9,61 Ratings,â‚¹479,(80% OFF),Long Sleeves,Slim Fit,Button-Down Collar
124,Pure Cotton Manhattan Slim Fit Button-Down Collar Striped Casual Shirt,,,â‚¹1679,(30% OFF),Long Sleeves,Slim Fit,Button-Down Collar
125,Black Classic Floral Printed Spread Collar Casual Shirt,3.8,361 Ratings,â‚¹664,(65% OFF),Long Sleeves,Regular Fit,Spread Collar
126,Men Black & Maroon Regular Fit Checked Casual Shirt,4.2,705 Ratings,â‚¹519,(60% OFF),Long Sleeves,Regular Fit,Spread Collar
127,Men Relaxed Fit Pure Cotton Casual Shirt,4.1,33 Ratings,â‚¹727,(72% OFF),Long Sleeves,Relaxed Fit,Spread Collar
128,Men Solid Opaque Casual Shirt,4,216 Ratings,â‚¹594,(65% OFF),Long Sleeves,Regular Fit,Button-Down Collar
129,Men Blue Solid Washed Cotton Denim Shirt,4.1,5.3k Ratings,â‚¹611,(64% OFF),Long Sleeves,Regular Fit,Spread Collar
130,Men Standard Mandarin Collar Solid Cotton Slim Fit Casual Shirt,,,â‚¹959,(60% OFF),Long Sleeves,Slim Fit,Mandarin Collar
131,Tartan Checks Printed Cotton Slim Fit Casual Shirt,3.7,691 Ratings,â‚¹671,(72% OFF),Long Sleeves,Slim Fit,Spread Collar
132,Men Multicoloured Slim Fit Opaque Checked Casual Shirt,4,1.3k Ratings,â‚¹599,(70% OFF),Short Sleeves,Slim Fit,Cuban Collar
133,Men Standard Corduroy Cotton Shirt,4.4,707 Ratings,â‚¹1099,(Rs. 1900 OFF),Long Sleeves,Regular Fit,Spread Collar
134,Men Checked Cotton Slim Fit Casual Shirt,4.1,3k Ratings,â‚¹482,(77% OFF),Long Sleeves,Slim Fit,Button-Down Collar
135,Men Olive Green Cotton Casual Shirt,4.3,29.2k Ratings,â‚¹599,(50% OFF),Long Sleeves,Regular Fit,Mandarin Collar
136,Pure Cotton Manhattan Slim Fit Tartan Checked Casual Shirt,,,â‚¹1679,(30% OFF),Long Sleeves,Slim Fit,Spread Collar
137,Men Olive Green Solid Pure Cotton Casual Shirt,4,681 Ratings,â‚¹696,(59% OFF),Long Sleeves,Regular Fit,Spread Collar
138,Men Navy Blue Solid Regular Fit Casual Shirt,4.3,2k Ratings,â‚¹649,(50% OFF),Long Sleeves,Regular Fit,Mandarin Collar
139,Men Classic Slim Fit Semi Sheer Striped Casual Shirt,,,â‚¹1099,(45% OFF),Long Sleeves,Slim Fit,Spread Collar
140,Highlander White Slim Fit Casual Shirt,4.1,74.2k Ratings,â‚¹399,(60% OFF),Long Sleeves,Slim Fit,Spread Collar
141,Slim Fit Long Sleeves Spread Collar Casual Shirt,4.1,286 Ratings,â‚¹639,(68% OFF),Long Sleeves,Slim Fit,Spread Collar
142,Manhattan Slim Fit Opaque Checked Pure Cotton Casual Shirt,,,â‚¹1679,(30% OFF),Long Sleeves,Slim Fit,Cutaway Collar
143,Men Black Slim Fit Windowpane Checks Checked Casual Shirt,4.2,2k Ratings,â‚¹575,(64% OFF),Long Sleeves,Slim Fit,Spread Collar
144,Men White Slim Fit Casual Shirt,4.1,107.2k Ratings,â‚¹647,(65% OFF),Long Sleeves,Slim Fit,Spread Collar
145,Men Standard Pure Cotton Corduroy Casual Shirt,4.2,32 Ratings,â‚¹1099,(Rs. 1900 OFF),Long Sleeves,Regular Fit,Spread Collar
146,Men Blue Pure Cotton Checked Casual Shirt,3.8,621 Ratings,â‚¹619,(69% OFF),Long Sleeves,Regular Fit,Spread Collar
147,Floral Printed Cotton Casual Shirt,4.4,607 Ratings,â‚¹671,(68% OFF),Short Sleeves,Regular Fit,Spread Collar
148,Men Classic Slim Fit Opaque Casual Shirt,,,â‚¹899,(40% OFF),Long Sleeves,Slim Fit,Mandarin Collar
149,Men Cutaway Collar Textured Slim Fit Casual Shirt,,,â‚¹629,(70% OFF),Long Sleeves,Slim Fit,Cutaway Collar
150,Men Grey Casual Shirt,4.1,8.3k Ratings,â‚¹662,(61% OFF),Long Sleeves,Regular Fit,Spread Collar
151,Men Peach-Coloured Comfort Cotton Casual Shirt,4.1,30k Ratings,â‚¹402,(77% OFF),Long Sleeves,Regular Fit,Spread Collar
152,Street Cool Textured Shirt,3.7,12 Ratings,â‚¹605,(Rs. 894 OFF),Long Sleeves,Regular Fit,Spread Collar
153,Men Opaque Casual Shirt,,,â‚¹529,(Rs. 1970 OFF),Short Sleeves,Regular Fit,Button-Down Collar
154,Men Micro Ditsy Ethnic Printed Casual Shirt,4.1,114 Ratings,â‚¹307,(78% OFF),Long Sleeves,Regular Fit,Spread Collar
155,Men Blue Regular Fit Solid Chambray Casual Shirt,4.1,4.1k Ratings,â‚¹637,(71% OFF),Long Sleeves,Regular Fit,Spread Collar
156,Men Black Slim Fit Casual Shirt,4.1,107.2k Ratings,â‚¹684,(63% OFF),Long Sleeves,Slim Fit,Spread Collar
157,Men Striped Casual Shirt,4.3,38.7k Ratings,â‚¹639,(68% OFF),Long Sleeves,Regular Fit,Button-Down Collar
158,Men Button-Down Collar Vertical Striped Cotton Casual Shirt,,,â‚¹674,(25% OFF),Long Sleeves,Regular Fit,Button-Down Collar
159,Men Olive Green & White Slim Fit Printed Casual Shirt,4.1,447 Ratings,â‚¹349,(80% OFF),Long Sleeves,Slim Fit,Spread Collar
160,Green Slim Fit Tartan Checks Casual Shirt,4.3,120 Ratings,â‚¹671,(68% OFF),Long Sleeves,Slim Fit,Spread Collar
161,Men Navy Blue Slim Fit Printed Casual Shirt,4.2,2.4k Ratings,â‚¹599,(70% OFF),Short Sleeves,Slim Fit,Spread Collar
162,Cotton Mandarin Collar Casual Shirt,4.2,274 Ratings,â‚¹664,(65% OFF),Long Sleeves,Regular Fit,Mandarin Collar
163,Men Classic Slim Fit Opaque Casual Shirt,4.1,1k Ratings,â‚¹669,(Rs. 1330 OFF),Long Sleeves,Slim Fit,Cutaway Collar
164,Slim Fit Spread Collar Casual Shirt,3.7,2.6k Ratings,â‚¹514,(Rs. 1485 OFF),Long Sleeves,Slim Fit,Spread Collar
165,Men Navy Blue & Orange Checked Casual Shirt,4.1,13.6k Ratings,â‚¹559,(68% OFF),Long Sleeves,Regular Fit,Spread Collar
166,The Life Co. Drop Shoulder Sleeves Relaxed Fit Pure Cotton Casual Shirt,4.8,13 Ratings,â‚¹674,(73% OFF),Long Sleeves,Relaxed Fit,Spread Collar
167,Slim Fit Checked Casual Shirt,3.7,231 Ratings,â‚¹321,(77% OFF),Long Sleeves,Slim Fit,Spread Collar
168,Men Comfort Cotton Casual Shirt,4.1,30k Ratings,â‚¹559,(68% OFF),Long Sleeves,Regular Fit,Spread Collar
169,Men Navy Blue Cotton Casual Shirt,4.2,5.6k Ratings,â‚¹599,(50% OFF),Long Sleeves,Regular Fit,Spread Collar
170,The Life Co. Relaxed Fit Checked Pure Cotton Casual Shirt,4.3,20 Ratings,â‚¹712,(69% OFF),Long Sleeves,Relaxed Fit,Spread Collar
171,Men Green Solid Slim Fit Casual Shirt,4.2,1.5k Ratings,â‚¹655,(59% OFF),Long Sleeves,Slim Fit,Spread Collar
172,Men White Pure Cotton Casual Shirt,4.4,3.1k Ratings,â‚¹531,(62% OFF),Long Sleeves,Regular Fit,Band Collar
173,Men Navy Blue Slim Fit Striped Casual Shirt,4.1,1.8k Ratings,â‚¹412,(67% OFF),Long Sleeves,Slim Fit,Spread Collar
174,Men Slim Fit Tartan Checks Checked Casual Shirt,4.2,5k Ratings,â‚¹671,(58% OFF),Long Sleeves,Slim Fit,Spread Collar
175,Checked Slim Fit Shirt,4.3,1.9k Ratings,â‚¹413,(77% OFF),Long Sleeves,Slim Fit,Spread Collar
176,Men Beige & Blue Slim Fit Checked Casual Shirt,3.9,975 Ratings,â‚¹367,(79% OFF),Long Sleeves,Slim Fit,Spread Collar
177,Men Striped Mandarin Collar Pure Cotton Casual Shirt,4.3,462 Ratings,â‚¹629,(70% OFF),Long Sleeves,Regular Fit,Mandarin Collar
178,Men Spread Collar Textured Slim Fit Casual Shirt,,,â‚¹659,(70% OFF),Long Sleeves,Slim Fit,Spread Collar
179,Men Maroon & Black Checked Casual Shirt,4.3,14.4k Ratings,â‚¹674,(55% OFF),Long Sleeves,Regular Fit,Mandarin Collar
180,Men Navy Blue Pure Cotton Solid Classic Casual Shirt,4.3,837 Ratings,â‚¹531,(62% OFF),Long Sleeves,Regular Fit,Mandarin Collar
181,Men Slim Fit Double Flap Pocket Casual Shirt,4.1,1.3k Ratings,â‚¹610,(67% OFF),Long Sleeves,Slim Fit,Cutaway Collar
182,Men Slim Fit Opaque Striped Casual Shirt,3.8,5 Ratings,â‚¹629,(70% OFF),Long Sleeves,Slim Fit,Spread Collar
183,Men Pinstripes Cotton Casual Shirt,4.3,1.7k Ratings,â‚¹639,(68% OFF),Long Sleeves,Regular Fit,Button-Down Collar
184,Men White Slim Fit Casual Shirt,4.2,3.4k Ratings,â‚¹439,(78% OFF),Long Sleeves,Slim Fit,Mandarin Collar
185,Men Navy Blue Slim Fit Casual Shirt,4.3,9.7k Ratings,â‚¹689,(70% OFF),Long Sleeves,Slim Fit,Spread Collar
186,Slim Fit Checked Cotton Mandarin Collar Casual Shirt,4,546 Ratings,â‚¹659,(67% OFF),Long Sleeves,Slim Fit,Mandarin Collar
187,Men Blue Pure Cotton Slim Fit Multi Stripes Striped Casual Shirt,4.1,3.5k Ratings,â‚¹559,(72% OFF),Long Sleeves,Slim Fit,Spread Collar
188,Men White Printed Pure Cotton Sustainable Casual Shirt,4.1,520 Ratings,â‚¹721,(62% OFF),Long Sleeves,Regular Fit,Spread Collar
189,Men Navy Blue & Maroon Cotton Tartan Checks Opaque Checked Sustainable Casual Shirt,4.2,505 Ratings,â‚¹675,(48% OFF),Long Sleeves,Regular Fit,Mandarin Collar
190,Regular Fit Shirt,4.3,154 Ratings,â‚¹431,(76% OFF),Long Sleeves,Slim Fit,Spread Collar
191,Men Blue Checked Casual Shirt,4.3,952 Ratings,â‚¹679,(60% OFF),Long Sleeves,Regular Fit,Spread Collar
192,Self Design Corduroy Weave Oversized Casual Shirt,4.1,172 Ratings,â‚¹599,(75% OFF),Short Sleeves,Oversized,Cuban Collar
193,Men Navy Blue & White Slim Fit Printed Casual Shirt,4.3,2.9k Ratings,â‚¹419,(80% OFF),Long Sleeves,Slim Fit,Mandarin Collar
194,Highlander Men Dusty Slim Fit Solid Casual Shirt,3.8,232 Ratings,â‚¹402,(77% OFF),Long Sleeves,Slim Fit,Cutaway Collar
195,Slim Fit Floral Opaque Printed Casual Shirt,4.2,985 Ratings,â‚¹655,(59% OFF),Short Sleeves,Slim Fit,Cuban Collar
196,Highlander Men Checked Casual Shirt,4.6,9 Ratings,â‚¹666,(71% OFF),Long Sleeves,Slim Fit,Cutaway Collar
197,Highlander Blue Lightweight Slim Fit Denim Shirt,3.9,4.2k Ratings,â‚¹389,(61% OFF),Long Sleeves,Slim Fit,Spread Collar
198,Black Classic Ethnic Motifs Printed Spread Collar Casual Shirt,3.8,62 Ratings,â‚¹664,(65% OFF),Long Sleeves,Regular Fit,Spread Collar
199,Men White Pure Cotton Casual Shirt,4.2,3.5k Ratings,â‚¹531,(62% OFF),Long Sleeves,Regular Fit,Spread Collar
200,Men Slim Fit Tartan Checks Checked Casual Shirt,4.2,5 Ratings,â‚¹1494,(35% OFF),Long Sleeves,Slim Fit,Spread Collar
201,Men Opaque Casual Shirt,3.8,5 Ratings,â‚¹1199,(52% OFF),Long Sleeves,Regular Fit,Spread Collar
202,Men Grey Solid Regular Fit Pure Cotton Casual Shirt,4,845 Ratings,â‚¹614,(59% OFF),Long Sleeves,Regular Fit,Spread Collar
203,Cuban Collar Self-Striped Oversized Casual Shirt,4.1,1.1k Ratings,â‚¹333,(77% OFF),Short Sleeves,Oversized,Cuban Collar
204,Classic Tartan Checked Cotton Casual Shirt,,,â‚¹989,(67% OFF),Long Sleeves,Regular Fit,Spread Collar
205,Men Mustard Solid Regular Fit Pure Cotton Sustainable Casual Shirt,4.4,195 Ratings,â‚¹645,(62% OFF),Long Sleeves,Regular Fit,Mandarin Collar
206,Men Beige & White Striped Casual Pure Cotton Shirt,4.2,228 Ratings,â‚¹545,(74% OFF),Long Sleeves,Regular Fit,Mandarin Collar
207,Men Opaque Printed Casual Shirt,3.2,5 Ratings,â‚¹1349,(46% OFF),Long Sleeves,Regular Fit,Hood
208,Men Spread Collar Tartan Checked Cotton Casual Shirt,2.6,226 Ratings,â‚¹695,(52% OFF),Long Sleeves,Regular Fit,Spread Collar
209,The Lifestyle Co Men Grey Printed Pure Cotton Casual Shirt,4.2,430 Ratings,â‚¹730,(57% OFF),Short Sleeves,Regular Fit,Spread Collar
210,Men Spread Collar Solid Casual Shirt,,,â‚¹1079,(46% OFF),Long Sleeves,Regular Fit,Spread Collar
211,Men Navy Blue & Red Slim Fit Tartan Checked Casual Shirt,3.9,801 Ratings,â‚¹242,(73% OFF),Long Sleeves,Slim Fit,Spread Collar
212,Striped Spread Collar Cotton Slim Fit Casual Shirt,3.8,1.2k Ratings,â‚¹509,(70% OFF),Short Sleeves,Slim Fit,Spread Collar
213,Full Sleeves Cotton Cutaway Collar Shirt,,,MRPâ‚¹ 4590,,Long Sleeves,Regular Fit,Spread Collar
214,Men Opaque Printed Casual Shirt,4.3,2.9k Ratings,â‚¹543,(68% OFF),Short Sleeves,Regular Fit,Cuban Collar
215,Men Standard Opaque Casual Pure Cotton Shirt,4.1,4.1k Ratings,â‚¹699,(Rs. 500 OFF),Long Sleeves,Regular Fit,Spread Collar
216,Men Spread Collar Tartan Checked Cotton Casual Shirt,3.5,34 Ratings,â‚¹703,(68% OFF),Long Sleeves,Regular Fit,Spread Collar
217,Men Comfort Floral Opaque Casual Shirt,,,â‚¹639,(60% OFF),Short Sleeves,Regular Fit,Spread Collar
218,Men Maroon Slim Fit Casual Shirt,4.2,2.1k Ratings,â‚¹721,(62% OFF),Long Sleeves,Slim Fit,Mandarin Collar
219,Smart Floral Embroidered Cuban Collar Cotton Oversized Casual Shirt,4,38 Ratings,â‚¹769,(78% OFF),Short Sleeves,Oversized,Cuban Collar
220,Men Black Comfort Casual Shirt,4.3,1.2k Ratings,â‚¹559,(68% OFF),Long Sleeves,Regular Fit,Spread Collar
221,Self Design Relaxed Fit Casual Crochet Shirt,4.3,108 Ratings,â‚¹425,(77% OFF),Long Sleeves,Oversized,Spread Collar
222,Men Spread Collar Textured Relaxed Fit Casual Shirt,4,11 Ratings,â‚¹791,(64% OFF),Long Sleeves,Relaxed Fit,Spread Collar
223,Men Maroon & White Printed Casual Shirt,4,6.7k Ratings,â‚¹441,(74% OFF),Long Sleeves,Regular Fit,Spread Collar
224,Highlander Navy Slim Fit Casual Shirt,4.1,4k Ratings,â‚¹389,(61% OFF),Long Sleeves,Regular Fit,Spread Collar
225,Men Classic Tartan Spread Collar Checked Casual Shirt,,,â‚¹989,(67% OFF),Long Sleeves,Regular Fit,Spread Collar
226,Men Blue Slim Fit Striped Casual Shirt,4.3,954 Ratings,â‚¹377,(72% OFF),Long Sleeves,Slim Fit,Spread Collar
227,Men Olive Green Slim Fit Roll-Up Sleeves Casual Shirt,4.3,3.6k Ratings,â‚¹543,(68% OFF),Long Sleeves,Slim Fit,Mandarin Collar
228,Men Spread Collar Vertical Striped Casual Shirt,3.9,41 Ratings,â‚¹1079,(46% OFF),Long Sleeves,Regular Fit,Spread Collar
229,Men Striped Pure Cotton Casual Shirt,4.2,398 Ratings,â‚¹639,(68% OFF),Long Sleeves,Regular Fit,Button-Down Collar
230,Men Olive Green Solid Slim Fit Casual Shirt,4.2,2.3k Ratings,â‚¹459,(77% OFF),Long Sleeves,Slim Fit,Mandarin Collar
231,Premium Button Down Collar Opaque Cotton Casual Shirt,,,MRPâ‚¹ 4590,,Long Sleeves,Regular Fit,Button-Down Collar
232,Men Grey Cotton Linen Solid Slim Fit Casual Shirt,3.9,27.4k Ratings,â‚¹553,(59% OFF),Long Sleeves,Slim Fit,Slim Collar
233,Men Blue And Coral Pink Slim Fit Checked Pure Cotton Casual Shirt,4,375 Ratings,â‚¹679,(66% OFF),Long Sleeves,Slim Fit,Spread Collar
234,Casual Men Striped Button-Down Collar Slim Fit Casual Shirt,,,MRPâ‚¹ 4990,,Long Sleeves,Slim Fit,Button-Down Collar
235,Slim Fit Long Sleeves Mandarin Collar Cotton Casual Shirt,4.3,211 Ratings,â‚¹569,(70% OFF),Long Sleeves,Slim Fit,Mandarin Collar
236,Men Black & Blue Slim Fit Checked Casual Shirt,4.1,3.9k Ratings,â‚¹379,(62% OFF),Long Sleeves,Slim Fit,Spread Collar
237,Men Opaque Casual Shirt,4.2,21 Ratings,â‚¹1079,(46% OFF),Long Sleeves,Regular Fit,Collarless
238,Men White Solid Casual Shirt,4.1,9k Ratings,â‚¹682,(61% OFF),Long Sleeves,Regular Fit,Mandarin Collar
239,Men Olive Green & White Slim Fit Striped Casual Shirt,4,1.4k Ratings,â‚¹643,(61% OFF),Long Sleeves,Slim Fit,Spread Collar
240,Printed Casual Shirt,2.5,11 Ratings,â‚¹2249,(50% OFF),Short Sleeves,Regular Fit,Cuban Collar
241,Men Black & White Slim Fit Tartan Checks Checked Casual Shirt,4.1,278 Ratings,â‚¹349,(80% OFF),Long Sleeves,Slim Fit,Spread Collar
242,Highlander Black Slim Fit Casual Shirt,4.3,13.7k Ratings,â‚¹419,(58% OFF),Long Sleeves,Slim Fit,Mandarin Collar
243,Men Cuban Collar Abstract Printed Casual Shirt,4,14 Ratings,â‚¹1079,(46% OFF),Short Sleeves,Regular Fit,Cuban Collar
244,Men Slim Fit Opaque Printed Casual Shirt,4.3,405 Ratings,â‚¹499,(75% OFF),Short Sleeves,Slim Fit,Spread Collar
245,Men Navy Blue Cotton Tartan Checked Casual Shirt,4.1,3.9k Ratings,â‚¹682,(61% OFF),Long Sleeves,Regular Fit,Spread Collar
246,Men Tartan Checks Opaque Checked Casual Shirt,4,66 Ratings,â‚¹971,(46% OFF),Long Sleeves,Regular Fit,Spread Collar
247,Men Olive Green Printed Casual Shirt,4.4,554 Ratings,â‚¹554,(63% OFF),Long Sleeves,Regular Fit,Band Collar
248,Men Comfort Spread Collar Buffalo Checked Cotton Casual Shirt,,,â‚¹569,(70% OFF),Long Sleeves,Regular Fit,Spread Collar
249,Men Spread Collar Textured Relaxed Fit Casual Shirt,4.2,15 Ratings,â‚¹1187,(46% OFF),Long Sleeves,Relaxed Fit,Spread Collar
250,Men Classic Spread Collar Tartan Checked Cotton Casual Shirt,,,â‚¹911,(43% OFF),Long Sleeves,Regular Fit,Spread Collar
251,Men All Star Oxford Long-Sleeve Button Down Shirt,,,MRPâ‚¹ 3999,,Long Sleeves,Regular Fit,Spread Collar
252,Dusty Regular Fit Shirt,4.4,576 Ratings,â‚¹521,(71% OFF),Long Sleeves,Slim Fit,Spread Collar
253,Grey Classic Band Collar Cotton Casual Shirt,4.5,34 Ratings,â‚¹599,(70% OFF),Long Sleeves,Regular Fit,Band Collar
254,Men Windowpane Checks Opaque Checked Casual Shirt,2.8,16 Ratings,â‚¹1187,(46% OFF),Long Sleeves,Regular Fit,Spread Collar
255,The Lifestyle Co Men Black Slim Fit Knitted Sustainable Casual Shirt,4.2,624 Ratings,â‚¹688,(47% OFF),Short Sleeves,Slim Fit,Spread Collar
256,Superhero Crinkle Effect Toggle Detail Shirt,,,â‚¹625,(Rs. 1774 OFF),Short Sleeves,Relaxed Fit,Cuban Collar
257,Men Spread Collar Textured Relaxed Fit Casual Shirt,4.1,14 Ratings,â‚¹1187,(46% OFF),Long Sleeves,Relaxed Fit,Spread Collar
258,Men Comfort Spread Collar Solid Casual Shirt,3.6,10 Ratings,â‚¹569,(70% OFF),Long Sleeves,Regular Fit,Spread Collar
259,Men Tartan Checks Opaque Checked Casual Shirt,3.9,794 Ratings,â‚¹367,(79% OFF),Long Sleeves,Regular Fit,Spread Collar
260,Premium Men Dobby Long Sleeve Cotton Shirt,,,â‚¹2872,(20% OFF),Long Sleeves,Regular Fit,Button-Down Collar
261,Black Striped Casual Shirt,4.1,3.7k Ratings,â‚¹557,(69% OFF),Long Sleeves,Regular Fit,Spread Collar
262,Men Coral Pink & Blue Checked Pure Cotton Casual Shirt,4.1,940 Ratings,â‚¹577,(67% OFF),Long Sleeves,Regular Fit,Spread Collar
263,Checked Chest Pocket Detail Flannel Relaxed Fit Shirt,4.4,30 Ratings,â‚¹979,(65% OFF),Long Sleeves,Relaxed Fit,Spread Collar
264,Men Slim Fit Checked Casual Shirt,4.2,742 Ratings,â‚¹639,(68% OFF),Long Sleeves,Slim Fit,Spread Collar
265,Slim Fit Spread Collar Cotton Casual Shirt,3.9,121 Ratings,â‚¹559,(68% OFF),Long Sleeves,Slim Fit,Spread Collar
266,Men Navy Blue Cotton Opaque Denim Casual Shirt,4.2,2.5k Ratings,â‚¹659,(67% OFF),Long Sleeves,Regular Fit,Mandarin Collar
267,Men Light Blue Pure Cotton Casual Shirt,4.2,2.8k Ratings,â‚¹681,(69% OFF),Long Sleeves,Slim Fit,Spread Collar
268,Men Black Slim Fit Printed Casual Shirt,4.1,317 Ratings,â‚¹311,(74% OFF),Short Sleeves,Slim Fit,Spread Collar
269,Spread Collar Slim Fit Casual Shirt,3.4,590 Ratings,â‚¹430,(Rs. 1569 OFF),Long Sleeves,Slim Fit,Spread Collar
270,Highlander Men Denim Slim Fit Denim Shirt,3.9,58 Ratings,â‚¹402,(77% OFF),Long Sleeves,Slim Fit,Mandarin Collar
271,Green & White Ethnic Motif Printed Classic Slim Fit Casual Shirt,4.2,55 Ratings,â‚¹503,(72% OFF),Long Sleeves,Slim Fit,Spread Collar
272,Textured Relaxed Fit Shirt,4.8,5 Ratings,â‚¹689,(70% OFF),Long Sleeves,Relaxed Fit,Cuban Collar
273,Floral Printed Mandarin Collar Long Sleeves Slim Fit Casual Shirt,4.1,1.6k Ratings,â‚¹559,(72% OFF),Long Sleeves,Slim Fit,Mandarin Collar
274,Men Blue & White Striped Cotton Casual Shirt,4,180 Ratings,â‚¹349,(80% OFF),Long Sleeves,Regular Fit,Spread Collar
275,Abstract Printed Cotton Casual Shirt,4.1,149 Ratings,â‚¹499,(75% OFF),Short Sleeves,Regular Fit,Cuban Collar
276,Slim Fit Tartan Checks Casual Shirt,3.9,3.2k Ratings,â‚¹260,(71% OFF),Long Sleeves,Slim Fit,Spread Collar
277,Checked Spread Collar Cotton Slim Fit Casual Shirt,3.8,156 Ratings,â‚¹599,(70% OFF),Long Sleeves,Slim Fit,Spread Collar
278,Men Standard Solid Casual Shirt,4.1,178 Ratings,â‚¹683,(62% OFF),Long Sleeves,Regular Fit,Button-Down Collar
279,Highlander Men Oversized Textured Dobby Checked Overshirt,4.2,44 Ratings,â‚¹528,(77% OFF),Long Sleeves,Oversized,Cutaway Collar
280,Men Slim Fit Pinstripes Opaque Casual Shirt,4.1,1.9k Ratings,â‚¹664,(65% OFF),Short Sleeves,Slim Fit,Cuban Collar
281,Spread Collar Casual Shirt,4.2,10 Ratings,â‚¹781,(66% OFF),Long Sleeves,Regular Fit,Spread Collar
282,Men Peach-Coloured & White Comfort Fit Checked Casual Shirt,4.2,31.5k Ratings,â‚¹577,(67% OFF),Long Sleeves,Regular Fit,Spread Collar
283,Men Blue Printed Casual Shirt,4.3,1.9k Ratings,â‚¹647,(64% OFF),Long Sleeves,Regular Fit,Button-Down Collar
284,Men White Checked Straight Shirts,4.4,5.3k Ratings,â‚¹664,(65% OFF),Long Sleeves,Regular Fit,Mandarin Collar
285,Black Slim Fit Cotton Casual Shirt,4.8,19 Ratings,â‚¹437,(75% OFF),Long Sleeves,Slim Fit,Spread Collar
286,Edgy Botanicals Printed Drop-Shoulder Sleeves Oversized Shirt,,,â‚¹679,(Rs. 1320 OFF),Short Sleeves,Oversized,Cuban Collar
287,Men Grey & Red Slim Fit Checked Casual Shirt,4.2,1.2k Ratings,â‚¹747,(56% OFF),Long Sleeves,Slim Fit,Spread Collar
288,Brown Floral Printed Classic Slim Fit Casual Shirt,3.7,56 Ratings,â‚¹503,(72% OFF),Short Sleeves,Slim Fit,Spread Collar
289,Men Solid Melange Cuban Collar Relaxed Shirt,4.5,25 Ratings,â‚¹374,(75% OFF),Short Sleeves,Relaxed Fit,Spread Collar
290,Men Brown Slim Fit Printed Casual Shirt,4.1,1.2k Ratings,â‚¹349,(80% OFF),Long Sleeves,Slim Fit,Spread Collar
291,Abstract Printed Cotton Casual Shirt,4.3,264 Ratings,â‚¹579,(71% OFF),Short Sleeves,Regular Fit,Cuban Collar
292,Men Classic Slim Fit Faded Pure Cotton Denim Casual Shirt,4,108 Ratings,â‚¹659,(67% OFF),Long Sleeves,Slim Fit,Spread Collar
293,Men Black Solid Pure Cotton Casual Shirt,4.3,674 Ratings,â‚¹699,(65% OFF),Long Sleeves,Regular Fit,Mandarin Collar
294,Men Black Slim Fit Casual Shirt,4.2,1.9k Ratings,â‚¹419,(79% OFF),Three-Quarter Sleeves,Slim Fit,Mandarin Collar
295,Urban Wear Checked Shirt,3.8,13 Ratings,â‚¹694,(Rs. 805 OFF),Short Sleeves,Regular Fit,Cuban Collar
296,Men Navy Blue & White Slim Fit Tartan Checks Checked Casual Shirt,4.1,629 Ratings,â‚¹682,(61% OFF),Long Sleeves,Slim Fit,Spread Collar
297,Men Black Slim Fit Ethnic Printed Casual Shirt,4.3,5.1k Ratings,â‚¹599,(70% OFF),Short Sleeves,Slim Fit,Spread Collar
298,Men Spread Collar Floral Printed Cotton Casual Shirt,,,â‚¹699,(30% OFF),Long Sleeves,Regular Fit,Spread Collar
299,Slim Fit Floral Printed Cuban Collar Cotton Casual Shirt,4.1,127 Ratings,â‚¹619,(69% OFF),Short Sleeves,Slim Fit,Cuban Collar
300,Men White Solid Casual Shirt,4,1.7k Ratings,â‚¹689,(Rs. 1110 OFF),Long Sleeves,Regular Fit,Spread Collar
301,Men Green Slim Fit Printed Casual Shirt,4.3,1.7k Ratings,â‚¹607,(68% OFF),Short Sleeves,Slim Fit,Spread Collar
302,Edgy Cool Tartan Checks Casual Shirt,,,â‚¹592,(Rs. 1207 OFF),Long Sleeves,Regular Fit,Spread Collar
303,,,,,,,,
304,The Lifestyle Co Men Maroon & Black Regular Fit Checked Casual Shirt,4.3,2k Ratings,â‚¹734,(51% OFF),Long Sleeves,Regular Fit,Spread Collar
305,Men Black Slim Fit Opaque Printed Casual Shirt,4.1,2.9k Ratings,â‚¹335,(72% OFF),Short Sleeves,Slim Fit,Spread Collar
306,Black Classic Slim Fit Self Design Casual Shirt,4.1,35 Ratings,â‚¹503,(72% OFF),Short Sleeves,Slim Fit,Spread Collar
307,Men Green Comfort Cotton Casual Shirt,4.1,30k Ratings,â‚¹682,(61% OFF),Long Sleeves,Regular Fit,Spread Collar
308,The Lifestyle Co Relaxed Fit Denim Casual Shirts,2.6,22 Ratings,â‚¹539,(73% OFF),Long Sleeves,Relaxed Fit,Spread Collar
309,Men Teal Green & Black Slim Fit Checked Casual Shirt,4,151 Ratings,â‚¹349,(80% OFF),Long Sleeves,Slim Fit,Spread Collar
310,Men Teal Casual Shirt,4.1,30k Ratings,â‚¹682,(61% OFF),Long Sleeves,Regular Fit,Cutaway Collar
311,Men Striped Mandarin Collar Pure Cotton Casual Shirt,4.1,436 Ratings,â‚¹629,(70% OFF),Long Sleeves,Regular Fit,Mandarin Collar
312,Men Black Casual Shirt,4.2,6.6k Ratings,â‚¹531,(62% OFF),Short Sleeves,Regular Fit,Spread Collar
313,White Ethnic Motifs Printed Classic Casual Shirt,4.1,419 Ratings,â‚¹503,(72% OFF),Short Sleeves,Oversized,Spread Collar
314,Men Blue & White Slim Fit Printed Casual Shirt,4,1.1k Ratings,â‚¹577,(67% OFF),Long Sleeves,Slim Fit,Spread Collar
315,Men Orange Comfort Checked Regular Fit Cotton Casual Shirt,4.2,31.5k Ratings,â‚¹559,(68% OFF),Long Sleeves,Regular Fit,Spread Collar
316,Men Olive Green Regular Fit Solid Sustainable Casual Shirt,4.3,29.2k Ratings,â‚¹539,(55% OFF),Long Sleeves,Regular Fit,Mandarin Collar
317,Slim Fit Spread Collar Long Sleeves Casual Shirt,3.7,2.6k Ratings,â‚¹514,(Rs. 1485 OFF),Long Sleeves,Slim Fit,Spread Collar
318,White Slim Fit Vertical Striped Cuban Collar Cotton Casual Shirt,4.4,538 Ratings,â‚¹549,(75% OFF),Short Sleeves,Slim Fit,Cuban Collar
319,Men Opaque Casual Shirt,4.5,1.3k Ratings,â‚¹664,(65% OFF),Long Sleeves,Regular Fit,Mandarin Collar
320,Men Black Slim Fit Floral Printed Casual Shirt,4.2,2.3k Ratings,â‚¹639,(68% OFF),Short Sleeves,Slim Fit,Spread Collar
321,Casual Ready Printed Chest Pocket Relaxed Fit Shirt,3,22 Ratings,â‚¹615,(Rs. 684 OFF),Short Sleeves,Relaxed Fit,Spread Collar
322,Slim Fit Spread Collar Casual Shirt,3.7,2.6k Ratings,â‚¹514,(Rs. 1485 OFF),Long Sleeves,Slim Fit,Spread Collar
323,Men Classic Slim Fit Spread Collar Solid Linen Casual Shirt,,,â‚¹619,(Rs. 2380 OFF),Short Sleeves,Slim Fit,Spread Collar
324,Slim Fit Casual Shirt,4.3,120 Ratings,â‚¹599,(70% OFF),Long Sleeves,Slim Fit,Spread Collar
325,Men Abstract Printed Spread Collar Slim Fit Casual Shirt,4.3,2.8k Ratings,â‚¹599,(70% OFF),Long Sleeves,Slim Fit,Spread Collar
326,Men Grey & White Striped Casual Shirt,4.2,456 Ratings,â‚¹571,(56% OFF),Long Sleeves,Regular Fit,Spread Collar
327,The Lifestyle Co Relaxed Fit Denim Casual Shirts,3.1,24 Ratings,â‚¹519,(74% OFF),Long Sleeves,Relaxed Fit,Spread Collar
328,Men Dobby Textured Solid Casual Shirt,3.9,35 Ratings,â‚¹517,(77% OFF),Long Sleeves,Regular Fit,Spread Collar
329,Highlander Men Contrast Stitched Utility Pocket Relaxed Shirt,,,â‚¹587,(76% OFF),Long Sleeves,Regular Fit,Spread Collar
330,Slim Fit Checked Casual Shirt,4.1,1.7k Ratings,â‚¹607,(68% OFF),Short Sleeves,Slim Fit,Spread Collar
331,Men Olive Striped Slim Fit Shirt,4.4,65 Ratings,â‚¹413,(77% OFF),Long Sleeves,Slim Fit,Spread Collar
332,Men Pink Slim Fit Printed Casual Shirt,4.2,1.6k Ratings,â‚¹262,(79% OFF),Short Sleeves,Slim Fit,Spread Collar
333,The Life Co. Relaxed Fit Drop-Shoulder Sleeves Pure Cotton Casual Shirt,4,27 Ratings,â‚¹671,(58% OFF),Long Sleeves,Relaxed Fit,Cutaway Collar
334,Men White & Grey Slim Fit Camouflage Printed Casual Shirt,4.2,7.3k Ratings,â‚¹461,(56% OFF),Short Sleeves,Slim Fit,Spread Collar
335,Spread Collar Slim Fit Floral Opaque Printed Cotton Casual Shirt,4.1,620 Ratings,â‚¹692,(67% OFF),Long Sleeves,Slim Fit,Spread Collar
336,Sweet Street Striped Oversized Shirt,3.6,29 Ratings,â‚¹609,(Rs. 690 OFF),Short Sleeves,Oversized,Cuban Collar
337,Men Yellow & White Horizontal Striped Cotton Casual Shirt,4.2,5k Ratings,â‚¹559,(68% OFF),Long Sleeves,Regular Fit,Spread Collar
338,Men Teal Blue Cotton Casual Shirt,4,9k Ratings,â‚¹599,(50% OFF),Long Sleeves,Regular Fit,Spread Collar
339,Men India Slim Fit Spread Collar Solid Casual Shirt,,,â‚¹559,(72% OFF),Long Sleeves,Slim Fit,Spread Collar
340,The Lifestyle Co Men White & Navy Blue Regular Fit Printed Pure Cotton Casual Shirt,4.2,770 Ratings,â‚¹629,(Rs. 870 OFF),Long Sleeves,Regular Fit,Spread Collar
341,Men Pink Slim Fit Opaque Striped Casual Shirt,3.7,154 Ratings,â‚¹559,(Rs. 1240 OFF),Long Sleeves,Slim Fit,Button-Down Collar
342,Men Navy Blue Opaque Printed Casual Shirt,4.2,856 Ratings,â‚¹524,(65% OFF),Long Sleeves,Regular Fit,Spread Collar
343,Men Blue Comfort Checked Casual Shirt,4.2,31.5k Ratings,â‚¹682,(61% OFF),Long Sleeves,Regular Fit,Spread Collar
344,Navy Blue Classic Oversized Ethnic Motifs Printed Casual Shirt,4.1,190 Ratings,â‚¹503,(72% OFF),Short Sleeves,Oversized,Spread Collar
345,Men White Pure Cotton Casual Sustainable Shirt,4.3,2.2k Ratings,â‚¹584,(61% OFF),Long Sleeves,Regular Fit,Mandarin Collar
346,Checked Slim Fit Shirt,4.4,712 Ratings,â‚¹449,(75% OFF),Long Sleeves,Slim Fit,Spread Collar
347,Navy Blue Slim Fit Self Design Cotton Casual Shirt,4.1,358 Ratings,â‚¹671,(68% OFF),Long Sleeves,Slim Fit,Mandarin Collar
348,Men India Slim Fit Spread Collar Solid Casual Shirt,,,â‚¹559,(72% OFF),Long Sleeves,Slim Fit,Spread Collar
349,Men Yellow Slim Fit Ethnic Opaque Printed Cotton Casual Shirt,4,245 Ratings,â‚¹360,(81% OFF),Long Sleeves,Slim Fit,Spread Collar
350,Men Comfort Spread Collar Solid Cotton Casual Shirt,,,MRPâ‚¹ 3499,,Long Sleeves,Regular Fit,Spread Collar
351,Men Comfort Button-Down Collar Textured Solid Cotton Casual Shirt,,,MRPâ‚¹ 3999,,Long Sleeves,Regular Fit,Button-Down Collar
352,Men White Regular Fit Solid Casual Shirt,4.1,1.7k Ratings,â‚¹629,(70% OFF),Long Sleeves,Regular Fit,Spread Collar
353,Slim Fit Vertical Striped Casual Shirt,3.7,380 Ratings,â‚¹414,(Rs. 1585 OFF),Long Sleeves,Slim Fit,Spread Collar
354,Men Comfort Fit Mandarin Collar Solid Cotton Casual Shirt,,,MRPâ‚¹ 2999,,Long Sleeves,Regular Fit,Mandarin Collar
355,Men Slim Fit Premium Button-Down Collar Solid Linen Casual Shirt,3.6,16 Ratings,â‚¹639,(Rs. 2360 OFF),Long Sleeves,Slim Fit,Button-Down Collar
356,Men Black Comfort Cotton Casual Shirt,4.1,30k Ratings,â‚¹594,(66% OFF),Long Sleeves,Regular Fit,Spread Collar
357,Men Comfort Spread Collar Solid Cotton Casual Shirt,,,MRPâ‚¹ 3499,,Long Sleeves,Regular Fit,Spread Collar
358,Men Easy Care Lavender Self Design Smart Sustainable Formal Shirt,4.1,1.1k Ratings,â‚¹559,(44% OFF),Long Sleeves,Slim Fit,Spread Collar
359,Men Blue & Beige Tartan Checked Casual Shirt,4.1,13.6k Ratings,â‚¹559,(68% OFF),Long Sleeves,Regular Fit,Spread Collar
360,Men Comfort Spread Collar Solid Cotton Casual Shirt,,,MRPâ‚¹ 3299,,Short Sleeves,Regular Fit,Spread Collar
361,Micro Ditsy Printed Spread Collar Cotton Slim Fit Casual Shirt,4.1,115 Ratings,â‚¹292,(85% OFF),Long Sleeves,Slim Fit,Spread Collar
362,Men Geometric Printed Spread Collar Slim Fit Casual Shirt,4.3,2.9k Ratings,â‚¹659,(67% OFF),Long Sleeves,Slim Fit,Spread Collar
363,Men Classic Fit Spread Collar Solid Cotton Casual Shirt,,,â‚¹2029,(30% OFF),Long Sleeves,Regular Fit,Spread Collar
364,Checked Mandarin Collar Long Sleeves Cotton Casual Shirt,4,344 Ratings,â‚¹689,(70% OFF),Long Sleeves,Regular Fit,Mandarin Collar
365,Striped Slim Fit Cotton Casual Shirt,4.2,630 Ratings,â‚¹671,(68% OFF),Short Sleeves,Slim Fit,Cuban Collar
366,Classic Tartan Checked Spread Collar Weave Corduroy Weave Casual Shirt,,,â‚¹1199,(60% OFF),Long Sleeves,Regular Fit,Spread Collar
367,Men Navy Blue Slim Fit Printed Casual Shirt,4.2,254 Ratings,â‚¹274,(78% OFF),Short Sleeves,Slim Fit,Spread Collar
368,Men Opaque Checked Casual Shirt,4.1,277 Ratings,â‚¹599,(70% OFF),Long Sleeves,Regular Fit,Spread Collar
369,Men Floral Printed Pure Cotton Slim Fit Casual Shirt,4.2,692 Ratings,â‚¹574,(Rs. 1125 OFF),Short Sleeves,Slim Fit,Spread Collar
370,Slim Fit Striped Casual Shirt,3.9,279 Ratings,â‚¹420,(71% OFF),Long Sleeves,Slim Fit,Spread Collar
371,Men Maroon & Blue Regular Fit Checked Casual Shirt,4,313 Ratings,â‚¹349,(80% OFF),Long Sleeves,Regular Fit,Spread Collar
372,Men Green Comfort Cotton Casual Shirt,4.1,30k Ratings,â‚¹402,(77% OFF),Long Sleeves,Regular Fit,Spread Collar
373,Men Mandarin Collar Solid Cotton Casual Shirt,3.9,8 Ratings,â‚¹503,(76% OFF),Long Sleeves,Regular Fit,Mandarin Collar
374,The Lifestyle Co. Solid Spread Collar Pure Cotton Casual Shirt,4.3,95 Ratings,â‚¹587,(58% OFF),Long Sleeves,Regular Fit,Spread Collar
375,Men Black Cream- Colour Slim Fit Checked Shirt,4,817 Ratings,â‚¹402,(77% OFF),Long Sleeves,Slim Fit,Spread Collar
376,Men Pure Cotton Casual Shirt,4.3,47 Ratings,â‚¹499,(50% OFF),Long Sleeves,Regular Fit,Spread Collar
377,Men Blue Slim Fit Casual Shirt,4,3.8k Ratings,â‚¹695,(52% OFF),Long Sleeves,Slim Fit,Spread Collar
378,Men Grey Black Regular Fit Printed Sustainable Casual Shirt,4.3,1.2k Ratings,â‚¹539,(64% OFF),Long Sleeves,Regular Fit,Mandarin Collar
379,Slim Fit Multi Striped Cotton Casual Shirt,4.3,395 Ratings,â‚¹629,(70% OFF),Short Sleeves,Slim Fit,Spread Collar
380,Men Comfort Spread Collar Graphic Printed Casual Shirt,4,31 Ratings,â‚¹569,(70% OFF),Long Sleeves,Regular Fit,Spread Collar
381,Men Striped Casual Shirt,4.4,397 Ratings,â‚¹629,(70% OFF),Long Sleeves,Regular Fit,Mandarin Collar
382,Men Striped Casual Shirt,4,1.7k Ratings,â‚¹671,(68% OFF),Long Sleeves,Regular Fit,Spread Collar
383,Men Navy Blue & Burgundy Slim Fit Striped Sustainable Casual Shirt,4,836 Ratings,â‚¹629,(58% OFF),Long Sleeves,Slim Fit,Spread Collar
384,Men Easy Care Teal Blue Checked Sustainable Formal Shirt,4.1,1.5k Ratings,â‚¹649,(Rs. 350 OFF),Long Sleeves,Regular Fit,Spread Collar
385,Men Navy Blue & White Regular Fit Printed Casual Shirt,4.2,1.3k Ratings,â‚¹645,(62% OFF),Long Sleeves,Regular Fit,Spread Collar
386,Men Navy Blue & Taupe Slim Fit Checked Casual Shirt,4.1,1k Ratings,â‚¹376,(71% OFF),Long Sleeves,Slim Fit,Spread Collar
387,The Lifestyle Co. Men Maroon Pure Cotton Solid Casual Shirt,4.3,3.1k Ratings,â‚¹662,(49% OFF),Long Sleeves,Regular Fit,Spread Collar
388,Spread Collar Slim Fit Casual Shirt,3.5,804 Ratings,â‚¹430,(Rs. 1569 OFF),Long Sleeves,Slim Fit,Spread Collar
389,Highlander Men Regular Fit Slim Fit shirt,4.4,130 Ratings,â‚¹431,(76% OFF),Long Sleeves,Slim Fit,Spread Collar
390,Pure Cotton Checked Casual Shirt,,,â‚¹649,(74% OFF),Long Sleeves,Regular Fit,Spread Collar
391,Men Navy Blue & White Slim Fit Cotton Checked Casual Shirt,4,540 Ratings,â‚¹349,(80% OFF),Long Sleeves,Slim Fit,Spread Collar
392,Men Charcoal Grey Regular Fit Solid Casual Shirt,4.2,1.6k Ratings,â‚¹503,(64% OFF),Long Sleeves,Regular Fit,Spread Collar
393,Slim Fit Abstract Printed Casual Shirt,4.1,672 Ratings,â‚¹639,(68% OFF),Long Sleeves,Slim Fit,Spread Collar
394,Men Slim Fit Opaque Printed Casual Shirt,4.3,343 Ratings,â‚¹539,(70% OFF),Short Sleeves,Slim Fit,Cuban Collar
395,Slim Fit Cuban Collar Short Sleeves Casual Shirt,3.9,640 Ratings,â‚¹539,(70% OFF),Short Sleeves,Slim Fit,Cuban Collar
396,Men Olive Green Slim Fit Cotton Casual Shirt,4.4,4.9k Ratings,â‚¹620,(73% OFF),Long Sleeves,Slim Fit,Spread Collar
397,Men Standard Pure Cotton Casual Shirt,4.1,4.1k Ratings,â‚¹671,(52% OFF),Long Sleeves,Regular Fit,Spread Collar
398,Men Maroon Slim Fit Cotton Casual Shirt,4.4,4.9k Ratings,â‚¹689,(70% OFF),Long Sleeves,Slim Fit,Spread Collar
399,Twilight Mauve Slim Fit Casual Shirt,4.3,706 Ratings,â‚¹674,(55% OFF),Long Sleeves,Slim Fit,Spread Collar
